Rk,Squad,MP,W,D,L,GF,GA,GD,Pts,Pts/MP,Attendance,Top Team Scorer,Goalkeeper,Notes,Season,League
1,Leicester City,38,23,12,3,68,36,+32,81,2.13,"32,021",Jamie Vardy - 24,Kasper Schmeichel,→ Champions League via league finish,2016,Premier League
2,Arsenal,38,20,11,7,65,36,+29,71,1.87,"59,944",Olivier Giroud - 16,Petr Čech,→ Champions League via league finish,2016,Premier League
3,Tottenham Hotspur,38,19,13,6,69,35,+34,70,1.84,"35,776",Harry Kane - 25,Hugo Lloris,→ Champions League via league finish,2016,Premier League
4,Manchester City,38,19,9,10,71,41,+30,66,1.74,"54,041",Sergio Agüero - 24,Joe Hart,→ Champions League via league finish,2016,Premier League
5,Manchester Utd,38,19,9,10,49,35,+14,66,1.74,"75,279",Anthony Martial - 11,David de Gea,→ Europa League via cup win 1,2016,Premier League
6,Southampton,38,18,9,11,59,41,+18,63,1.66,"30,751","Sadio Mané, Graziano Pellè - 11",Fraser Forster,→ Europa League via league finish 2,2016,Premier League
7,West Ham United,38,16,14,8,65,51,+14,62,1.63,"34,910","Dimitri Payet, Andy Carroll - 9",Adrián,→ Europa League via league finish 3,2016,Premier League
8,Liverpool,38,16,12,10,63,50,+13,60,1.58,"43,910",Roberto Firmino - 10,Simon Mignolet,,2016,Premier League
9,Stoke City,38,14,9,15,41,55,-14,51,1.34,"27,534",Marko Arnautović - 11,Jack Butland,,2016,Premier League
10,Chelsea,38,12,14,12,59,53,+6,50,1.32,"41,500",Diego Costa - 12,Thibaut Courtois,,2016,Premier League
11,Everton,38,11,14,13,59,55,+4,47,1.24,"38,124",Romelu Lukaku - 18,Tim Howard,,2016,Premier League
12,Swansea City,38,12,11,15,42,52,-10,47,1.24,"20,711",André Ayew - 12,Łukasz Fabiański,,2016,Premier League
13,Watford,38,12,9,17,40,50,-10,45,1.18,"20,594",Odion Ighalo - 15,Heurelho Gomes,,2016,Premier League
14,West Brom,38,10,13,15,34,48,-14,43,1.13,"24,631",Salomón Rondón - 9,Boaz Myhill,,2016,Premier League
15,Crystal Palace,38,11,9,18,39,51,-12,42,1.11,"24,825","Scott Dann, Yohan Cabaye... - 5",Wayne Hennessey,,2016,Premier League
16,Bournemouth,38,11,9,18,45,67,-22,42,1.11,"11,189",Joshua King - 6,Artur Boruc,,2016,Premier League
17,Sunderland,38,9,12,17,48,62,-14,39,1.03,"43,071",Jermain Defoe - 15,Vito Mannone,,2016,Premier League
18,Newcastle United,38,9,10,19,44,65,-21,37,0.97,"49,754",Georginio Wijnaldum - 11,Rob Elliot,Relegated,2016,Premier League
19,Norwich City,38,9,7,22,39,67,-28,34,0.89,"26,972",Dieumerci Mbokani - 7,John Ruddy,Relegated,2016,Premier League
20,Aston Villa,38,3,8,27,27,76,-49,17,0.45,"33,690",Jordan Ayew - 7,Brad Guzan,Relegated,2016,Premier League
1,Chelsea,38,30,3,5,85,33,+52,93,2.45,"41,508",Diego Costa - 20,Thibaut Courtois,→ Champions League via league finish,2017,Premier League
2,Tottenham Hotspur,38,26,8,4,86,26,+60,86,2.26,"31,639",Harry Kane - 29,Hugo Lloris,→ Champions League via league finish,2017,Premier League
3,Manchester City,38,23,9,6,80,39,+41,78,2.05,"54,019",Sergio Agüero - 20,Claudio Bravo,→ Champions League via league finish,2017,Premier League
4,Liverpool,38,22,10,6,78,42,+36,76,2.00,"53,016","Philippe Coutinho, Sadio Mané - 13",Simon Mignolet,→ Champions League via league finish,2017,Premier League
5,Arsenal,38,23,6,9,77,44,+33,75,1.97,"59,957",Alexis Sánchez - 24,Petr Čech,→ Europa League via cup win 1,2017,Premier League
6,Manchester Utd,38,18,15,5,54,29,+25,69,1.82,"75,290",Zlatan Ibrahimović - 17,David de Gea,→ Champions League via Europa League win,2017,Premier League
7,Everton,38,17,10,11,62,44,+18,61,1.61,"39,310",Romelu Lukaku - 25,Joel Robles,→ Europa League via league finish,2017,Premier League
8,Southampton,38,12,10,16,41,48,-7,46,1.21,"30,936",Nathan Redmond - 7,Fraser Forster,,2017,Premier League
9,Bournemouth,38,12,10,16,55,67,-12,46,1.21,"11,182",Joshua King - 16,Artur Boruc,,2017,Premier League
10,West Brom,38,12,9,17,43,51,-8,45,1.18,"23,876",Salomón Rondón - 8,Ben Foster,,2017,Premier League
11,West Ham United,38,12,9,17,47,64,-17,45,1.18,"56,972",Michail Antonio - 9,Darren Randolph,,2017,Premier League
12,Leicester City,38,12,8,18,48,63,-15,44,1.16,"31,893",Jamie Vardy - 13,Kasper Schmeichel,,2017,Premier League
13,Stoke City,38,11,11,16,41,56,-15,44,1.16,"27,433",Peter Crouch - 7,Lee Grant,,2017,Premier League
14,Crystal Palace,38,12,5,21,50,63,-13,41,1.08,"25,161",Christian Benteke - 15,Wayne Hennessey,,2017,Premier League
15,Swansea City,38,12,5,21,45,70,-25,41,1.08,"20,619",Fernando Llorente - 15,Łukasz Fabiański,,2017,Premier League
16,Burnley,38,11,7,20,39,55,-16,40,1.05,"20,558",Sam Vokes - 10,Tom Heaton,,2017,Premier League
17,Watford,38,11,7,20,40,68,-28,40,1.05,"20,571",Troy Deeney - 10,Heurelho Gomes,,2017,Premier League
18,Hull City,38,9,7,22,37,80,-43,34,0.89,"20,761",Robert Snodgrass - 7,Eldin Jakupović,Relegated,2017,Premier League
19,Middlesbrough,38,5,13,20,27,53,-26,28,0.74,"30,449",Álvaro Negredo - 9,Víctor Valdés,Relegated,2017,Premier League
20,Sunderland,38,6,6,26,29,69,-40,24,0.63,"41,287",Jermain Defoe - 15,Jordan Pickford,Relegated,2017,Premier League
1,Manchester City,38,32,4,2,106,27,+79,100,2.63,"53,812",Sergio Agüero - 21,Ederson,→ Champions League via league finish,2018,Premier League
2,Manchester Utd,38,25,6,7,68,28,+40,81,2.13,"74,976",Romelu Lukaku - 16,David de Gea,→ Champions League via league finish,2018,Premier League
3,Tottenham Hotspur,38,23,8,7,74,36,+38,77,2.03,"67,496",Harry Kane - 30,Hugo Lloris,→ Champions League via league finish,2018,Premier League
4,Liverpool,38,21,12,5,84,38,+46,75,1.97,"53,049",Mohamed Salah - 32,"Loris Karius, Simon Mignolet",→ Champions League via league finish,2018,Premier League
5,Chelsea,38,21,7,10,62,38,+24,70,1.84,"41,282",Eden Hazard - 12,Thibaut Courtois,→ Europa League via cup win 1,2018,Premier League
6,Arsenal,38,19,6,13,74,51,+23,63,1.66,"59,323",Alexandre Lacazette - 14,Petr Čech,→ Europa League via league finish,2018,Premier League
7,Burnley,38,14,12,12,36,39,-3,54,1.42,"20,688",Chris Wood - 10,Nick Pope,→ Europa League via league finish 2,2018,Premier League
8,Everton,38,13,10,15,44,58,-14,49,1.29,"38,797",Wayne Rooney - 10,Jordan Pickford,,2018,Premier League
9,Leicester City,38,12,11,15,56,60,-4,47,1.24,"31,583",Jamie Vardy - 20,Kasper Schmeichel,,2018,Premier League
10,Newcastle United,38,12,8,18,39,47,-8,44,1.16,"51,992",Ayoze Pérez - 8,Rob Elliot,,2018,Premier League
11,Crystal Palace,38,11,11,16,45,55,-10,44,1.16,"25,063",Luka Milivojević - 10,Wayne Hennessey,,2018,Premier League
12,Bournemouth,38,11,11,16,45,61,-16,44,1.16,"10,641","Joshua King, Callum Wilson - 8",Asmir Begović,,2018,Premier League
13,West Ham United,38,10,12,16,48,68,-20,42,1.11,"56,885",Marko Arnautović - 11,"Joe Hart, Adrián",,2018,Premier League
14,Watford,38,11,8,19,44,64,-20,41,1.08,"20,231",Abdoulaye Doucouré - 7,Heurelho Gomes,,2018,Premier League
15,Brighton,38,9,13,16,34,54,-20,40,1.05,"30,403",Glenn Murray - 12,Mathew Ryan,,2018,Premier League
16,Huddersfield Town,38,9,10,19,28,58,-30,37,0.97,"24,040",Steve Mounié - 7,Jonas Lössl,,2018,Premier League
17,Southampton,38,7,15,16,37,56,-19,36,0.95,"30,794",Charlie Austin - 7,Fraser Forster,,2018,Premier League
18,Swansea City,38,8,9,21,28,56,-28,33,0.87,"20,623",Jordan Ayew - 7,Łukasz Fabiański,Relegated,2018,Premier League
19,Stoke City,38,7,12,19,35,68,-33,33,0.87,"29,280",Xherdan Shaqiri - 8,Jack Butland,Relegated,2018,Premier League
20,West Brom,38,6,13,19,31,56,-25,31,0.82,"24,520","Jay Rodriguez, Salomón Rondón - 7",Ben Foster,Relegated,2018,Premier League
1,Manchester City,38,32,2,4,95,23,+72,98,2.58,"54,130",Sergio Agüero - 21,Ederson,→ Champions League via league finish,2019,Premier League
2,Liverpool,38,30,7,1,89,22,+67,97,2.55,"52,983","Sadio Mané, Mohamed Salah - 22",Alisson,→ Champions League via league finish,2019,Premier League
3,Chelsea,38,21,9,8,63,39,+24,72,1.89,"40,437",Eden Hazard - 16,Kepa Arrizabalaga,→ Champions League via league finish,2019,Premier League
4,Tottenham Hotspur,38,23,2,13,67,39,+28,71,1.87,"54,216",Harry Kane - 17,Hugo Lloris,→ Champions League via league finish,2019,Premier League
5,Arsenal,38,21,7,10,73,51,+22,70,1.84,"59,899",Pierre-Emerick Aubameyang - 22,Bernd Leno,→ Europa League via league finish,2019,Premier League
6,Manchester Utd,38,19,9,10,65,54,+11,66,1.74,"74,498",Paul Pogba - 13,David de Gea,→ Europa League via league finish 1,2019,Premier League
7,Wolves,38,16,9,13,47,46,+1,57,1.50,"31,030",Raúl Jiménez - 13,Rui Patrício,→ Europa League via league finish,2019,Premier League
8,Everton,38,15,9,14,54,46,+8,54,1.42,"39,043","Gylfi Sigurðsson, Richarlison - 13",Jordan Pickford,,2019,Premier League
9,Leicester City,38,15,7,16,51,48,+3,52,1.37,"31,851",Jamie Vardy - 18,Kasper Schmeichel,,2019,Premier League
10,West Ham United,38,15,7,16,52,55,-3,52,1.37,"58,336",Marko Arnautović - 10,Łukasz Fabiański,,2019,Premier League
11,Watford,38,14,8,16,52,59,-7,50,1.32,"20,016",Gerard Deulofeu - 10,Ben Foster,,2019,Premier League
12,Crystal Palace,38,14,7,17,51,53,-2,49,1.29,"25,455",Luka Milivojević - 12,Vicente Guaita,,2019,Premier League
13,Newcastle United,38,12,9,17,42,48,-6,45,1.18,"51,121",Ayoze Pérez - 12,Martin Dúbravka,,2019,Premier League
14,Bournemouth,38,13,6,19,56,70,-14,45,1.18,"10,532",Callum Wilson - 14,Asmir Begović,,2019,Premier League
15,Burnley,38,11,7,20,45,68,-23,40,1.05,"20,534",Ashley Barnes - 12,"Tom Heaton, Joe Hart",,2019,Premier League
16,Southampton,38,9,12,17,45,65,-20,39,1.03,"30,139","Danny Ings, James Ward-Prowse - 7",Alex McCarthy,,2019,Premier League
17,Brighton,38,9,9,20,35,60,-25,36,0.95,"30,426",Glenn Murray - 13,Mathew Ryan,,2019,Premier League
18,Cardiff City,38,10,4,24,34,69,-35,34,0.89,"31,408","Bobby De Cordova-Reid, Víctor Camarasa - 5",Neil Etheridge,Relegated,2019,Premier League
19,Fulham,38,7,5,26,34,81,-47,26,0.68,"24,371",Aleksandar Mitrović - 11,Sergio Rico,Relegated,2019,Premier League
20,Huddersfield Town,38,3,7,28,22,76,-54,16,0.42,"23,203","Mathias Jørgensen, Aaron Mooy... - 3",Jonas Lössl,Relegated,2019,Premier League
1,Liverpool,38,32,3,3,85,33,+52,99,2.61,"41,955",Mohamed Salah - 19,Alisson,→ Champions League via league finish,2020,Premier League
2,Manchester City,38,26,3,9,102,35,+67,81,2.13,"37,097",Raheem Sterling - 20,Ederson,→ Champions League via league finish,2020,Premier League
3,Manchester Utd,38,18,12,8,66,36,+30,66,1.74,"57,415","Anthony Martial, Marcus Rashford - 17",David de Gea,→ Champions League via league finish,2020,Premier League
4,Chelsea,38,20,6,12,69,54,+15,66,1.74,"32,023",Tammy Abraham - 15,Kepa Arrizabalaga,→ Champions League via league finish,2020,Premier League
5,Leicester City,38,18,8,12,67,41,+26,62,1.63,"25,312",Jamie Vardy - 23,Kasper Schmeichel,→ Europa League via league finish,2020,Premier League
6,Tottenham Hotspur,38,16,11,11,61,47,+14,59,1.55,"43,757",Harry Kane - 18,Hugo Lloris,→ Europa League via league finish 1,2020,Premier League
7,Wolves,38,15,14,9,51,40,+11,59,1.55,"24,758",Raúl Jiménez - 17,Rui Patrício,,2020,Premier League
8,Arsenal,38,14,14,10,56,48,+8,56,1.47,"47,589",Pierre-Emerick Aubameyang - 22,Bernd Leno,→ Europa League via cup win 2,2020,Premier League
9,Sheffield United,38,14,12,12,39,39,0,54,1.42,"24,370","Lys Mousset, Oliver McBurnie - 6",Dean Henderson,,2020,Premier League
10,Burnley,38,15,9,14,43,50,-7,54,1.42,"15,995",Chris Wood - 14,Nick Pope,,2020,Premier League
11,Southampton,38,15,7,16,51,60,-9,52,1.37,"23,428",Danny Ings - 22,Alex McCarthy,,2020,Premier League
12,Everton,38,13,10,15,44,56,-12,49,1.29,"28,848","Dominic Calvert-Lewin, Richarlison - 13",Jordan Pickford,,2020,Premier League
13,Newcastle United,38,11,11,16,38,58,-20,44,1.16,"35,551",Jonjo Shelvey - 6,Martin Dúbravka,,2020,Premier League
14,Crystal Palace,38,11,10,17,31,50,-19,43,1.13,"19,784",Jordan Ayew - 9,Vicente Guaita,,2020,Premier League
15,Brighton,38,9,14,15,39,54,-15,41,1.08,"22,369",Neal Maupay - 10,Mathew Ryan,,2020,Premier League
16,West Ham United,38,10,9,19,49,62,-13,39,1.03,"44,155",Michail Antonio - 10,Łukasz Fabiański,,2020,Premier League
17,Aston Villa,38,9,8,21,41,67,-26,35,0.92,"28,505",Jack Grealish - 8,Tom Heaton,,2020,Premier League
18,Bournemouth,38,9,7,22,40,65,-25,34,0.89,"7,745",Callum Wilson - 8,Aaron Ramsdale,Relegated,2020,Premier League
19,Watford,38,8,10,20,36,64,-28,34,0.89,"15,353",Troy Deeney - 10,Ben Foster,Relegated,2020,Premier League
20,Norwich City,38,5,6,27,26,75,-49,21,0.55,"19,913",Teemu Pukki - 11,Tim Krul,Relegated,2020,Premier League
1,Manchester City,38,27,5,6,83,32,+51,86,2.26,526,İlkay Gündoğan - 13,Ederson,→ Champions League via league finish,2021,Premier League
2,Manchester Utd,38,21,11,6,73,44,+29,74,1.95,526,Bruno Fernandes - 18,David de Gea,→ Champions League via league finish,2021,Premier League
3,Liverpool,38,20,9,9,68,42,+26,69,1.82,837,Mohamed Salah - 22,Alisson,→ Champions League via league finish,2021,Premier League
4,Chelsea,38,19,10,9,58,36,+22,67,1.76,526,Jorginho - 7,Edouard Mendy,→ Champions League via league finish,2021,Premier League
5,Leicester City,38,20,6,12,68,50,+18,66,1.74,421,Jamie Vardy - 15,Kasper Schmeichel,→ Europa League via cup win,2021,Premier League
6,West Ham United,38,19,8,11,62,47,+15,65,1.71,632,"Michail Antonio, Tomáš Souček - 10",Łukasz Fabiański,→ Europa League via league finish,2021,Premier League
7,Tottenham Hotspur,38,18,8,12,68,45,+23,62,1.63,632,Harry Kane - 23,Hugo Lloris,→ Europa Conference League via league finish 1,2021,Premier League
8,Arsenal,38,18,7,13,55,39,+16,61,1.61,632,Alexandre Lacazette - 13,Bernd Leno,,2021,Premier League
9,Leeds United,38,18,5,15,62,54,+8,59,1.55,421,Patrick Bamford - 17,Illan Meslier,,2021,Premier League
10,Everton,38,17,8,13,47,48,-1,59,1.55,368,Dominic Calvert-Lewin - 16,Jordan Pickford,,2021,Premier League
11,Aston Villa,38,16,7,15,55,46,+9,55,1.45,526,Ollie Watkins - 14,Emiliano Martínez,,2021,Premier League
12,Newcastle United,38,12,9,17,46,62,-16,45,1.18,526,Callum Wilson - 12,Karl Darlow,,2021,Premier League
13,Wolves,38,12,9,17,36,52,-16,45,1.18,237,"Rúben Neves, Pedro Neto - 5",Rui Patrício,,2021,Premier League
14,Crystal Palace,38,12,8,18,41,66,-25,44,1.16,447,Wilfried Zaha - 11,Vicente Guaita,,2021,Premier League
15,Southampton,38,12,7,19,47,68,-21,43,1.13,526,Danny Ings - 12,Alex McCarthy,,2021,Premier League
16,Brighton,38,9,14,15,40,46,-6,41,1.08,523,Neal Maupay - 8,Robert Sánchez,,2021,Premier League
17,Burnley,38,10,9,19,33,55,-22,39,1.03,178,Chris Wood - 12,Nick Pope,,2021,Premier League
18,Fulham,38,5,13,20,27,53,-26,28,0.74,211,Bobby De Cordova-Reid - 5,Alphonse Areola,Relegated,2021,Premier League
19,West Brom,38,5,11,22,35,76,-41,26,0.68,283,Matheus Pereira - 11,Sam Johnstone,Relegated,2021,Premier League
20,Sheffield United,38,7,2,29,20,63,-43,23,0.61,263,David McGoldrick - 8,Aaron Ramsdale,Relegated,2021,Premier League
1,Manchester City,38,29,6,3,99,26,+73,93,2.45,"52,774",Kevin De Bruyne - 15,Ederson,→ Champions League via league finish,2022,Premier League
2,Liverpool,38,28,8,2,94,26,+68,92,2.42,"53,352",Mohamed Salah - 23,Alisson,→ Champions League via league finish,2022,Premier League
3,Chelsea,38,21,11,6,76,33,+43,74,1.95,"36,443",Mason Mount - 11,Edouard Mendy,→ Champions League via league finish,2022,Premier League
4,Tottenham Hotspur,38,22,5,11,69,40,+29,71,1.87,"56,523",Son Heung-min - 23,Hugo Lloris,→ Champions League via league finish,2022,Premier League
5,Arsenal,38,22,3,13,61,48,+13,69,1.82,"59,665",Bukayo Saka - 11,Aaron Ramsdale,→ Europa League via league finish,2022,Premier League
6,Manchester Utd,38,16,10,12,57,57,0,58,1.53,"73,150",Cristiano Ronaldo - 18,David de Gea,→ Europa League via league finish,2022,Premier League
7,West Ham United,38,16,8,14,60,51,+9,56,1.47,"58,370",Jarrod Bowen - 12,Łukasz Fabiański,→ Europa Conference League via league finish,2022,Premier League
8,Leicester City,38,14,10,14,62,59,+3,52,1.37,"32,493",Jamie Vardy - 15,Kasper Schmeichel,,2022,Premier League
9,Brighton,38,12,15,11,42,44,-2,51,1.34,"30,966","Leandro Trossard, Neal Maupay - 8",Robert Sánchez,,2022,Premier League
10,Wolves,38,15,6,17,38,43,-5,51,1.34,"30,841",Raúl Jiménez - 6,José Sá,,2022,Premier League
11,Newcastle United,38,13,10,15,44,62,-18,49,1.29,"51,487",Callum Wilson - 8,Martin Dúbravka,,2022,Premier League
12,Crystal Palace,38,11,15,12,50,46,+4,48,1.26,"24,588",Wilfried Zaha - 14,Vicente Guaita,,2022,Premier League
13,Brentford,38,13,7,18,48,56,-8,46,1.21,"16,918",Ivan Toney - 12,David Raya,,2022,Premier League
14,Aston Villa,38,13,6,19,52,54,-2,45,1.18,"41,681",Ollie Watkins - 11,Emiliano Martínez,,2022,Premier League
15,Southampton,38,9,13,16,43,67,-24,40,1.05,"30,134",James Ward-Prowse - 10,Fraser Forster,,2022,Premier League
16,Everton,38,11,6,21,43,66,-23,39,1.03,"38,446",Richarlison - 10,Jordan Pickford,,2022,Premier League
17,Leeds United,38,9,11,18,42,79,-37,38,1.00,"36,308",Raphinha - 11,Illan Meslier,,2022,Premier League
18,Burnley,38,7,14,17,34,53,-19,35,0.92,"19,278",Maxwel Cornet - 9,Nick Pope,Relegated,2022,Premier League
19,Watford,38,6,5,27,34,77,-43,23,0.61,"20,614",Emmanuel Dennis - 10,Ben Foster,Relegated,2022,Premier League
20,Norwich City,38,5,7,26,23,84,-61,22,0.58,"26,836",Teemu Pukki - 11,Tim Krul,Relegated,2022,Premier League
1,Manchester City,38,28,5,5,94,33,+61,89,2.34,"53,249",Erling Haaland - 36,Ederson,→ Champions League via league finish,2023,Premier League
2,Arsenal,38,26,6,6,88,43,+45,84,2.21,"60,191","Martin Ødegaard, Gabriel Martinelli - 15",Aaron Ramsdale,→ Champions League via league finish,2023,Premier League
3,Manchester Utd,38,23,6,9,58,43,+15,75,1.97,"73,671",Marcus Rashford - 17,David de Gea,→ Champions League via league finish,2023,Premier League
4,Newcastle United,38,19,14,5,68,33,+35,71,1.87,"52,127",Callum Wilson - 18,Nick Pope,→ Champions League via league finish,2023,Premier League
5,Liverpool,38,19,10,9,75,47,+28,67,1.76,"53,163",Mohamed Salah - 19,Alisson,→ Europa League via league finish,2023,Premier League
6,Brighton,38,18,8,12,72,53,+19,62,1.63,"31,477",Alexis Mac Allister - 10,Robert Sánchez,→ Europa League via league finish,2023,Premier League
7,Aston Villa,38,18,7,13,51,46,+5,61,1.61,"41,679",Ollie Watkins - 15,Emiliano Martínez,→ Conference League via league finish,2023,Premier League
8,Tottenham Hotspur,38,18,6,14,70,63,+7,60,1.58,"61,585",Harry Kane - 30,Hugo Lloris,,2023,Premier League
9,Brentford,38,15,14,9,58,46,+12,59,1.55,"17,078",Ivan Toney - 20,David Raya,,2023,Premier League
10,Fulham,38,15,7,16,55,53,+2,52,1.37,"23,746",Aleksandar Mitrović - 14,Bernd Leno,,2023,Premier League
11,Crystal Palace,38,11,12,15,40,49,-9,45,1.18,"24,952",Eberechi Eze - 10,Vicente Guaita,,2023,Premier League
12,Chelsea,38,11,11,16,38,47,-9,44,1.16,"40,002",Kai Havertz - 7,Kepa Arrizabalaga,,2023,Premier League
13,Wolves,38,11,8,19,31,58,-27,41,1.08,"31,482","Rúben Neves, Daniel Podence - 6",José Sá,,2023,Premier League
14,West Ham United,38,11,7,20,42,55,-13,40,1.05,"62,462","Saïd Benrahma, Jarrod Bowen - 6",Łukasz Fabiański,,2023,Premier League
15,Bournemouth,38,11,6,21,37,71,-34,39,1.03,"10,362",Philip Billing - 7,Neto,,2023,Premier League
16,Nottingham Forest,38,9,11,18,38,68,-30,38,1.00,"29,188",Taiwo Awoniyi - 10,Dean Henderson,,2023,Premier League
17,Everton,38,8,12,18,34,57,-23,36,0.95,"39,243",Dwight McNeil - 7,Jordan Pickford,,2023,Premier League
18,Leicester City,38,9,7,22,51,68,-17,34,0.89,"31,887",Harvey Barnes - 13,Danny Ward,Relegated,2023,Premier League
19,Leeds United,38,7,10,21,48,78,-30,31,0.82,"36,566",Rodrigo - 13,Illan Meslier,Relegated,2023,Premier League
20,Southampton,38,6,7,25,36,73,-37,25,0.66,"30,440",James Ward-Prowse - 9,Gavin Bazunu,Relegated,2023,Premier League
1,Manchester City,38,28,7,3,96,34,+62,91,2.39,"53,012",Erling Haaland - 27,Ederson,→ Champions League via league finish,2024,Premier League
2,Arsenal,38,28,5,5,91,29,+62,89,2.34,"60,236",Bukayo Saka - 16,David Raya,→ Champions League via league finish,2024,Premier League
3,Liverpool,38,24,10,4,86,41,+45,82,2.16,"55,979",Mohamed Salah - 18,Alisson,→ Champions League via league finish,2024,Premier League
4,Aston Villa,38,20,8,10,76,61,+15,68,1.79,"41,858",Ollie Watkins - 19,Emiliano Martínez,→ Champions League via league finish,2024,Premier League
5,Tottenham Hotspur,38,20,6,12,74,61,+13,66,1.74,"61,482",Son Heung-min - 17,Guglielmo Vicario,→ Europa League via league finish,2024,Premier League
6,Chelsea,38,18,9,11,77,63,+14,63,1.66,"39,524",Cole Palmer - 22,Đorđe Petrović,→ Conference League via league finish,2024,Premier League
7,Newcastle United,38,18,6,14,85,62,+23,60,1.58,"52,125",Alexander Isak - 21,Martin Dúbravka,,2024,Premier League
8,Manchester Utd,38,18,6,14,57,58,-1,60,1.58,"73,533","Rasmus Højlund, Bruno Fernandes - 10",André Onana,→ Europa League via cup win,2024,Premier League
9,West Ham United,38,14,10,14,60,74,-14,52,1.37,"62,567",Jarrod Bowen - 16,Alphonse Areola,,2024,Premier League
10,Crystal Palace,38,13,10,15,57,58,-1,49,1.29,"24,932",Jean-Philippe Mateta - 16,Sam Johnstone,,2024,Premier League
11,Brighton,38,12,12,14,55,62,-7,48,1.26,"32,638",João Pedro - 9,Bart Verbruggen,,2024,Premier League
12,Bournemouth,38,13,9,16,54,67,-13,48,1.26,"11,103",Dominic Solanke - 19,Neto,,2024,Premier League
13,Fulham,38,13,8,17,55,61,-6,47,1.24,"24,302",Rodrigo Muniz - 9,Bernd Leno,,2024,Premier League
14,Wolves,38,13,7,18,50,65,-15,46,1.21,"31,029","Hwang Hee-chan, Matheus Cunha - 12",José Sá,,2024,Premier League
15,Everton,38,13,9,16,40,51,-11,40,1.05,"39,042","Abdoulaye Doucouré, Dominic Calvert-Lewin - 7",Jordan Pickford,8-point deduction 1,2024,Premier League
16,Brentford,38,10,9,19,56,65,-9,39,1.03,"17,082",Yoane Wissa - 12,Mark Flekken,,2024,Premier League
17,Nottingham Forest,38,9,9,20,49,67,-18,32,0.84,"29,386",Chris Wood - 14,Matt Turner,4-point deduction 2,2024,Premier League
18,Luton Town,38,6,8,24,52,85,-33,26,0.68,"11,240",Carlton Morris - 11,Thomas Kaminski,Relegated,2024,Premier League
19,Burnley,38,5,9,24,41,78,-37,24,0.63,"21,184",Jacob Bruun Larsen - 6,James Trafford,Relegated,2024,Premier League
20,Sheffield United,38,3,7,28,35,104,-69,16,0.42,"30,011","Oliver McBurnie, Ben Brereton - 6",Wes Foderingham,Relegated,2024,Premier League
1,Liverpool,38,25,9,4,86,41,+45,84,2.21,"60,324",Mohamed Salah - 29,Alisson,→ Champions League via league finish,2025,Premier League
2,Arsenal,38,20,14,4,69,34,+35,74,1.95,"60,251",Kai Havertz - 9,David Raya,→ Champions League via league finish,2025,Premier League
3,Manchester City,38,21,8,9,72,44,+28,71,1.87,"52,756",Erling Haaland - 22,Ederson,→ Champions League via league finish,2025,Premier League
4,Chelsea,38,20,9,9,64,43,+21,69,1.82,"39,672",Cole Palmer - 15,Robert Sánchez,→ Champions League via league finish,2025,Premier League
5,Newcastle United,38,20,6,12,68,47,+21,66,1.74,"52,187",Alexander Isak - 23,Nick Pope,→ Champions League via league finish,2025,Premier League
6,Aston Villa,38,19,9,10,58,51,+7,66,1.74,"42,079",Ollie Watkins - 16,Emiliano Martínez,→ Europa League via league finish,2025,Premier League
7,Nottingham Forest,38,19,8,11,58,46,+12,65,1.71,"30,059",Chris Wood - 20,Matz Sels,→ Conference League via league finish,2025,Premier League
8,Brighton,38,16,13,9,66,59,+7,61,1.61,"31,798","Danny Welbeck, Kaoru Mitoma... - 10",Bart Verbruggen,,2025,Premier League
9,Bournemouth,38,15,11,12,58,46,+12,56,1.47,"11,210",Justin Kluivert - 12,Kepa Arrizabalaga,,2025,Premier League
10,Brentford,38,16,8,14,66,57,+9,56,1.47,"18,742",Bryan Mbeumo - 20,Mark Flekken,,2025,Premier League
11,Fulham,38,15,9,14,54,54,0,54,1.42,"26,826",Raúl Jiménez - 12,Bernd Leno,,2025,Premier League
12,Crystal Palace,38,13,14,11,51,51,0,53,1.39,"25,064",Jean-Philippe Mateta - 14,Dean Henderson,→ Europa League via cup win,2025,Premier League
13,Everton,38,11,15,12,42,44,-2,48,1.26,"38,439",Iliman Ndiaye - 9,Jordan Pickford,,2025,Premier League
14,West Ham United,38,11,10,17,46,62,-16,43,1.13,"62,463",Jarrod Bowen - 13,Alphonse Areola,,2025,Premier League
15,Manchester Utd,38,11,9,18,44,54,-10,42,1.11,"73,747","Bruno Fernandes, Amad Diallo - 8",André Onana,,2025,Premier League
16,Wolves,38,12,6,20,54,69,-15,42,1.11,"30,695",Matheus Cunha - 15,José Sá,,2025,Premier League
17,Tottenham Hotspur,38,11,5,22,64,65,-1,38,1.00,"61,127",Brennan Johnson - 11,Guglielmo Vicario,→ Champions League,2025,Premier League
18,Leicester City,38,6,7,25,33,80,-47,25,0.66,"31,448",Jamie Vardy - 9,Mads Hermansen,Relegated,2025,Premier League
19,Ipswich Town,38,4,10,24,36,82,-46,22,0.58,"29,742",Liam Delap - 12,Arijanet Muric,Relegated,2025,Premier League
20,Southampton,38,2,6,30,26,86,-60,12,0.32,"30,882",Paul Onuachu - 4,Aaron Ramsdale,Relegated,2025,Premier League
1,Barcelona,38,29,4,5,112,29,+83,91,2.39,"74,655",Luis Suárez - 40,Claudio Bravo,→ Champions League via league finish,2016,La Liga
2,Real Madrid,38,28,6,4,110,34,+76,90,2.37,"71,265",Cristiano Ronaldo - 35,Keylor Navas,→ Champions League via Champions League win,2016,La Liga
3,Atlético Madrid,38,28,4,6,63,18,+45,88,2.32,"46,902",Antoine Griezmann - 22,Jan Oblak,→ Champions League via league finish,2016,La Liga
4,Villarreal,38,18,10,10,44,35,+9,64,1.68,"17,660",Cédric Bakambu - 12,Alphonse Areola,→ Champions League via league finish,2016,La Liga
5,Athletic Club,38,18,8,12,58,45,+13,62,1.63,"41,917",Aritz Aduriz - 20,Gorka Iraizoz,→ Europa League via league finish,2016,La Liga
6,Celta Vigo,38,17,9,12,51,59,-8,60,1.58,"18,382",Iago Aspas - 13,Sergio Álvarez,→ Europa League via league finish 1,2016,La Liga
7,Sevilla,38,14,10,14,51,50,+1,52,1.37,"33,134",Kévin Gameiro - 16,Sergio Rico,→ Champions League via Europa League win,2016,La Liga
8,Málaga,38,12,12,14,38,35,+3,48,1.26,"21,401",Charles - 12,Carlos Kameni,,2016,La Liga
9,Real Sociedad,38,13,9,16,45,48,-3,48,1.26,"20,603",Imanol Agirretxe - 13,Gerónimo Rulli,,2016,La Liga
10,Real Betis,38,11,12,15,34,52,-18,45,1.18,"37,832",Rubén Castro - 19,Antonio Adán,,2016,La Liga
11,Las Palmas,38,12,8,18,45,53,-8,44,1.16,"21,302",Jonathan Viera - 10,Javi Varas,,2016,La Liga
12,Valencia,38,11,11,16,46,48,-2,44,1.16,"37,544",Paco Alcácer - 13,Jaume Doménech,,2016,La Liga
13,Espanyol,38,12,7,19,40,74,-34,43,1.13,"21,595",Felipe Caicedo - 8,Pau López,,2016,La Liga
14,Eibar,38,11,10,17,49,61,-12,43,1.13,"5,215",Borja Bastón - 18,Asier Riesgo,,2016,La Liga
15,Dep La Coruña,38,8,18,12,45,61,-16,42,1.11,"23,797",Lucas Pérez - 17,Germán Lux,,2016,La Liga
16,Granada,38,10,9,19,46,69,-23,39,1.03,"16,400",Youssef El-Arabi - 16,Andrés Fernández,,2016,La Liga
17,Sporting Gijón,38,10,9,19,40,62,-22,39,1.03,"23,559",Antonio Sanabria - 11,Iván Cuéllar,,2016,La Liga
18,Rayo Vallecano,38,9,11,18,52,73,-21,38,1.00,"11,665",Javi Guerra - 12,Juan Carlos,Relegated,2016,La Liga
19,Getafe,38,9,9,20,37,67,-30,36,0.95,"7,498",Pablo Sarabia - 7,Vicente Guaita,Relegated,2016,La Liga
20,Levante,38,8,8,22,37,70,-33,32,0.84,"14,661",Deyverson - 9,Diego Mariño,Relegated,2016,La Liga
1,Real Madrid,38,29,6,3,106,41,+65,93,2.45,"71,977",Cristiano Ronaldo - 25,Keylor Navas,→ Champions League via Champions League win,2017,La Liga
2,Barcelona,38,28,6,4,116,37,+79,90,2.37,"78,678",Lionel Messi - 37,Marc-André ter Stegen,→ Champions League via league finish,2017,La Liga
3,Atlético Madrid,38,23,9,6,70,27,+43,78,2.05,"44,737",Antoine Griezmann - 16,Jan Oblak,→ Champions League via league finish,2017,La Liga
4,Sevilla,38,21,9,8,69,49,+20,72,1.89,"32,783",Wissam Ben Yedder - 11,Sergio Rico,→ Champions League via league finish,2017,La Liga
5,Villarreal,38,19,10,9,56,33,+23,67,1.76,"17,870",Cédric Bakambu - 11,Sergio Asenjo,→ Europa League via league finish,2017,La Liga
6,Real Sociedad,38,19,7,12,59,53,+6,64,1.68,"21,473",Willian José - 12,Gerónimo Rulli,→ Europa League via league finish 1,2017,La Liga
7,Athletic Club,38,19,6,13,53,43,+10,63,1.66,"40,948",Aritz Aduriz - 16,Kepa Arrizabalaga,→ Europa League via league finish,2017,La Liga
8,Espanyol,38,15,11,12,49,50,-1,56,1.47,"20,433",Gerard Moreno - 13,Diego López,,2017,La Liga
9,Alavés,38,14,13,11,41,43,-2,55,1.45,"18,143",Deyverson - 7,Fernando Pacheco,,2017,La Liga
10,Eibar,38,15,9,14,56,51,+5,54,1.42,"5,326",Sergi Enrich - 11,Yoel,,2017,La Liga
11,Málaga,38,12,10,16,49,55,-6,46,1.21,"22,501",Sandro Ramírez - 14,Carlos Kameni,,2017,La Liga
12,Valencia,38,13,7,18,56,65,-9,46,1.21,"33,866","Simone Zaza, Santi Mina... - 6",Diego Alves,,2017,La Liga
13,Celta Vigo,38,13,6,19,53,69,-16,45,1.18,"17,028",Iago Aspas - 19,Sergio Álvarez,,2017,La Liga
14,Las Palmas,38,10,9,19,53,74,-21,39,1.03,"20,458",Kevin-Prince Boateng - 10,Javi Varas,,2017,La Liga
15,Real Betis,38,10,9,19,41,64,-23,39,1.03,"33,492",Rubén Castro - 13,Antonio Adán,,2017,La Liga
16,Dep La Coruña,38,8,12,18,43,61,-18,36,0.95,"22,521",Florin Andone - 12,Germán Lux,,2017,La Liga
17,Leganés,38,8,11,19,36,55,-19,35,0.92,"10,182",Alexander - 8,Iago Herrerín,,2017,La Liga
18,Sporting Gijón,38,7,10,21,42,72,-30,31,0.82,"23,069",Duje Čop - 9,Iván Cuéllar,Relegated,2017,La Liga
19,Osasuna,38,4,10,24,40,94,-54,22,0.58,"14,770",Sergio León - 10,Salvatore Sirigu,Relegated,2017,La Liga
20,Granada,38,4,8,26,30,82,-52,20,0.53,"14,890","Andreas Pereira, Artem Kravets... - 5",Guillermo Ochoa,Relegated,2017,La Liga
1,Barcelona,38,28,9,1,99,29,+70,93,2.45,"67,142",Lionel Messi - 34,Marc-André ter Stegen,→ Champions League via league finish,2018,La Liga
2,Atlético Madrid,38,23,10,5,58,22,+36,79,2.08,"52,707",Antoine Griezmann - 19,Jan Oblak,→ Champions League via Europa League win,2018,La Liga
3,Real Madrid,38,22,10,6,94,44,+50,76,2.00,"66,863",Cristiano Ronaldo - 26,Keylor Navas,→ Champions League via Champions League win,2018,La Liga
4,Valencia,38,22,7,9,65,38,+27,73,1.92,"38,607",Rodrigo - 16,Neto,→ Champions League via league finish,2018,La Liga
5,Villarreal,38,18,7,13,57,50,+7,61,1.61,"16,779",Carlos Bacca - 15,Sergio Asenjo,→ Europa League via league finish,2018,La Liga
6,Real Betis,38,18,6,14,60,61,-1,60,1.58,"46,781",Sergio León - 11,Antonio Adán,→ Europa League via league finish 1,2018,La Liga
7,Sevilla,38,17,7,14,49,58,-9,58,1.53,"33,006",Wissam Ben Yedder - 9,Sergio Rico,→ Europa League via league finish,2018,La Liga
8,Getafe,38,15,10,13,42,33,+9,55,1.45,"10,428",Ángel Rodríguez - 13,Vicente Guaita,,2018,La Liga
9,Eibar,38,14,9,15,44,50,-6,51,1.34,"5,338","Charles, Kiké - 8",Marko Dmitrović,,2018,La Liga
10,Girona,38,14,9,15,50,59,-9,51,1.34,"10,424",Cristhian Stuani - 21,Yassine Bounou,,2018,La Liga
11,Espanyol,38,12,13,13,36,42,-6,49,1.29,"17,882",Gerard Moreno - 16,Pau López,,2018,La Liga
12,Real Sociedad,38,14,7,17,66,59,+7,49,1.29,"19,793",Willian José - 15,Gerónimo Rulli,,2018,La Liga
13,Celta Vigo,38,13,10,15,59,60,-1,49,1.29,"16,195",Iago Aspas - 22,Rubén Blanco,,2018,La Liga
14,Alavés,38,15,2,21,40,50,-10,47,1.24,"18,845",Munir El Haddadi - 10,Fernando Pacheco,,2018,La Liga
15,Levante,38,11,13,14,44,58,-14,46,1.21,"18,534",José Luis Morales - 10,Oier Olazábal,,2018,La Liga
16,Athletic Club,38,10,13,15,41,49,-8,43,1.13,"37,246",Raúl García - 10,Kepa Arrizabalaga,,2018,La Liga
17,Leganés,38,12,7,19,34,51,-17,43,1.13,"9,969",Gabriel - 5,Iván Cuéllar,,2018,La Liga
18,Dep La Coruña,38,6,11,21,38,76,-38,29,0.76,"20,542",Adrián López - 9,Rubén,Relegated,2018,La Liga
19,Las Palmas,38,5,7,26,24,74,-50,22,0.58,"16,183",Jonathan Calleri - 9,Leandro Chichizola,Relegated,2018,La Liga
20,Málaga,38,5,5,28,24,61,-37,20,0.53,"20,333",Diego Rolán - 6,Roberto,Relegated,2018,La Liga
1,Barcelona,38,26,9,3,90,36,+54,87,2.29,"76,104",Lionel Messi - 36,Marc-André ter Stegen,→ Champions League via league finish,2019,La Liga
2,Atlético Madrid,38,22,10,6,55,29,+26,76,2.00,"56,216",Antoine Griezmann - 15,Jan Oblak,→ Champions League via league finish,2019,La Liga
3,Real Madrid,38,21,5,12,63,46,+17,68,1.79,"61,040",Karim Benzema - 21,Thibaut Courtois,→ Champions League via league finish,2019,La Liga
4,Valencia,38,15,16,7,51,35,+16,61,1.61,"39,504",Daniel Parejo - 9,Neto,→ Champions League via league finish,2019,La Liga
5,Getafe,38,15,14,9,48,35,+13,59,1.55,"11,000","Jorge Molina, Jaime Mata - 14",David Soria,→ Europa League via league finish,2019,La Liga
6,Sevilla,38,17,8,13,62,47,+15,59,1.55,"35,993",Wissam Ben Yedder - 18,Tomáš Vaclík,→ Europa League via league finish 1,2019,La Liga
7,Espanyol,38,14,11,13,48,50,-2,53,1.39,"19,388",Borja Iglesias - 17,Diego López,→ Europa League via league finish,2019,La Liga
8,Athletic Club,38,13,14,11,41,45,-4,53,1.39,"40,664",Iñaki Williams - 12,Iago Herrerín,,2019,La Liga
9,Real Sociedad,38,13,11,14,45,46,-1,50,1.32,"22,310",Mikel Oyarzabal - 13,Gerónimo Rulli,,2019,La Liga
10,Real Betis,38,14,8,16,44,52,-8,50,1.32,"44,525",Giovani Lo Celso - 9,Pau López,,2019,La Liga
11,Alavés,38,13,11,14,39,50,-11,50,1.32,"17,295",Jonathan Calleri - 9,Fernando Pacheco,,2019,La Liga
12,Eibar,38,11,14,13,46,50,-4,47,1.24,"4,896",Charles - 14,Marko Dmitrović,,2019,La Liga
13,Leganés,38,11,12,15,37,43,-6,45,1.18,"10,416",Youssef En-Nesyri - 9,Iván Cuéllar,,2019,La Liga
14,Villarreal,38,10,14,14,49,52,-3,44,1.16,"16,732",Karl Toko Ekambi - 10,Sergio Asenjo,,2019,La Liga
15,Levante,38,11,11,16,59,66,-7,44,1.16,"20,216",Roger Martí - 13,Oier Olazábal,,2019,La Liga
16,Valladolid,38,10,11,17,32,51,-19,41,1.08,"18,992",Enes Ünal - 6,Jordi Masip,,2019,La Liga
17,Celta Vigo,38,10,11,17,53,62,-9,41,1.08,"17,603",Iago Aspas - 20,Rubén Blanco,,2019,La Liga
18,Girona,38,9,10,19,37,53,-16,37,0.97,"10,948",Cristhian Stuani - 19,Yassine Bounou,Relegated,2019,La Liga
19,Huesca,38,7,12,19,43,65,-22,33,0.87,"6,605",Ezequiel Ávila - 10,Roberto Santamaría,Relegated,2019,La Liga
20,Rayo Vallecano,38,8,8,22,41,70,-29,32,0.84,"11,928",Raúl de Tomás - 14,Stole Dimitrievski,Relegated,2019,La Liga
1,Real Madrid,38,26,9,3,70,25,+45,87,2.29,"45,833",Karim Benzema - 21,Thibaut Courtois,→ Champions League via league finish,2020,La Liga
2,Barcelona,38,25,7,6,86,38,+48,82,2.16,"54,223",Lionel Messi - 25,Marc-André ter Stegen,→ Champions League via league finish,2020,La Liga
3,Atlético Madrid,38,18,16,4,51,27,+24,70,1.84,"42,236",Álvaro Morata - 12,Jan Oblak,→ Champions League via league finish,2020,La Liga
4,Sevilla,38,19,13,6,54,34,+20,70,1.84,"25,016",Lucas Ocampos - 14,Tomáš Vaclík,→ Champions League via league finish,2020,La Liga
5,Villarreal,38,18,6,14,63,49,+14,60,1.58,"11,321",Gerard Moreno - 18,Sergio Asenjo,→ Europa League via league finish 1,2020,La Liga
6,Real Sociedad,38,16,8,14,56,48,+8,56,1.47,"21,204",Willian José - 11,Álex Remiro,→ Europa League via league finish,2020,La Liga
7,Granada,38,16,8,14,52,45,+7,56,1.47,"11,174",Carlos Fernández - 10,Rui Silva,→ Europa League via league finish,2020,La Liga
8,Getafe,38,14,12,12,43,37,+6,54,1.42,"8,000",Jaime Mata - 11,David Soria,,2020,La Liga
9,Valencia,38,14,11,13,46,53,-7,53,1.39,"29,658",Maxi Gómez - 9,Jasper Cillessen,,2020,La Liga
10,Osasuna,38,13,13,12,46,54,-8,52,1.37,"11,453",Ezequiel Ávila - 9,Sergio Herrera,,2020,La Liga
11,Athletic Club,38,13,12,13,41,38,+3,51,1.34,"28,039",Raúl García - 15,Unai Simón,,2020,La Liga
12,Levante,38,14,7,17,47,53,-6,49,1.29,"13,196",Roger Martí - 11,Aitor Fernández,,2020,La Liga
13,Valladolid,38,9,15,14,32,43,-11,42,1.11,"13,580",Sergi Guardiola - 8,Jordi Masip,,2020,La Liga
14,Eibar,38,11,9,18,39,56,-17,42,1.11,"4,151",Fabián Orellana - 8,Marko Dmitrović,,2020,La Liga
15,Real Betis,38,10,11,17,48,60,-12,41,1.08,"35,969",Loren Morón - 10,Joel Robles,,2020,La Liga
16,Alavés,38,10,9,19,34,59,-25,39,1.03,"12,177","Joselu, Lucas Pérez - 11",Fernando Pacheco,,2020,La Liga
17,Celta Vigo,38,7,16,15,37,49,-12,37,0.97,"11,995",Iago Aspas - 14,Rubén Blanco,,2020,La Liga
18,Leganés,38,8,12,18,30,51,-21,36,0.95,"7,539",Óscar Rodríguez Arnaiz - 9,Iván Cuéllar,Relegated,2020,La Liga
19,Mallorca,38,9,6,23,40,65,-25,33,0.87,"10,877",Ante Budimir - 13,Manolo Reina,Relegated,2020,La Liga
20,Espanyol,38,5,10,23,27,58,-31,25,0.66,"16,260","Raúl de Tomás, David López... - 4",Diego López,Relegated,2020,La Liga
1,Atlético Madrid,38,26,8,4,67,25,+42,86,2.26,,Luis Suárez - 21,Jan Oblak,→ Champions League via league finish,2021,La Liga
2,Real Madrid,38,25,9,4,67,28,+39,84,2.21,,Karim Benzema - 23,Thibaut Courtois,→ Champions League via league finish,2021,La Liga
3,Barcelona,38,24,7,7,85,38,+47,79,2.08,,Lionel Messi - 30,Marc-André ter Stegen,→ Champions League via league finish,2021,La Liga
4,Sevilla,38,24,5,9,53,33,+20,77,2.03,,Youssef En-Nesyri - 18,Yassine Bounou,→ Champions League via league finish,2021,La Liga
5,Real Sociedad,38,17,11,10,59,38,+21,62,1.63,,Alexander Isak - 17,Álex Remiro,→ Europa League via league finish,2021,La Liga
6,Real Betis,38,17,10,11,50,50,0,61,1.61,,Borja Iglesias - 11,Claudio Bravo,→ Europa League via league finish 1,2021,La Liga
7,Villarreal,38,15,13,10,60,44,+16,58,1.53,253,Gerard Moreno - 23,Sergio Asenjo,,2021,La Liga
8,Celta Vigo,38,14,11,13,55,57,-2,53,1.39,91,Iago Aspas - 14,Iván Villar,,2021,La Liga
9,Granada,38,13,7,18,47,65,-18,46,1.21,,Roberto Soldado - 9,Rui Silva,,2021,La Liga
10,Athletic Club,38,11,13,14,46,42,+4,46,1.21,,Álex Berenguer - 8,Unai Simón,,2021,La Liga
11,Osasuna,38,11,11,16,37,48,-11,44,1.16,,Ante Budimir - 11,Sergio Herrera,,2021,La Liga
12,Cádiz,38,11,11,16,36,58,-22,44,1.16,,Álvaro Negredo - 8,Jeremías Ledesma,,2021,La Liga
13,Valencia,38,10,13,15,50,53,-3,43,1.13,142,Carlos Soler - 11,Jaume Doménech,,2021,La Liga
14,Levante,38,9,14,15,46,57,-11,41,1.08,,José Luis Morales - 13,Aitor Fernández,,2021,La Liga
15,Getafe,38,9,11,18,28,43,-15,38,1.00,,"Ángel Rodríguez, Jaime Mata - 5",David Soria,,2021,La Liga
16,Alavés,38,9,11,18,36,57,-21,38,1.00,,Joselu - 11,Fernando Pacheco,,2021,La Liga
17,Elche,38,8,12,18,34,55,-21,36,0.95,185,Lucas Boyé - 7,Édgar Badía,,2021,La Liga
18,Huesca,38,7,13,18,34,53,-19,34,0.89,,Rafa Mir - 13,Álvaro Fernández,Relegated,2021,La Liga
19,Valladolid,38,5,16,17,34,57,-23,31,0.82,,"Fabián Orellana, Shon Weissman - 6",Jordi Masip,Relegated,2021,La Liga
20,Eibar,38,6,12,20,29,52,-23,30,0.79,,Kiké - 12,Marko Dmitrović,Relegated,2021,La Liga
1,Real Madrid,38,26,8,4,80,31,+49,86,2.26,"41,235",Karim Benzema - 27,Thibaut Courtois,→ Champions League via league finish,2022,La Liga
2,Barcelona,38,21,10,7,68,38,+30,73,1.92,"53,982",Memphis - 12,Marc-André ter Stegen,→ Champions League via league finish,2022,La Liga
3,Atlético Madrid,38,21,8,9,65,43,+22,71,1.87,"48,039",Ángel Correa - 12,Jan Oblak,→ Champions League via league finish,2022,La Liga
4,Sevilla,38,18,16,4,53,30,+23,70,1.84,"29,756",Rafa Mir - 10,Yassine Bounou,→ Champions League via league finish,2022,La Liga
5,Real Betis,38,19,8,11,62,40,+22,65,1.71,"41,749",Juanmi - 16,Rui Silva,→ Europa League via cup win,2022,La Liga
6,Real Sociedad,38,17,11,10,40,37,+3,62,1.63,"26,813",Mikel Oyarzabal - 9,Álex Remiro,→ Europa League via league finish,2022,La Liga
7,Villarreal,38,16,11,11,63,37,+26,59,1.55,"14,293",Arnaut Danjuma - 10,Gerónimo Rulli,→ Europa Conference League via league finish,2022,La Liga
8,Athletic Club,38,14,13,11,43,36,+7,55,1.45,"32,949",Iñaki Williams - 8,Unai Simón,,2022,La Liga
9,Valencia,38,11,15,12,48,53,-5,48,1.26,"27,349","Gonçalo Guedes, Carlos Soler - 11",Giorgi Mamardashvili,,2022,La Liga
10,Osasuna,38,12,11,15,37,51,-14,47,1.24,"17,107",Ante Budimir - 8,Sergio Herrera,,2022,La Liga
11,Celta Vigo,38,12,10,16,43,43,0,46,1.21,"10,014",Iago Aspas - 18,Matías Dituro,,2022,La Liga
12,Rayo Vallecano,38,11,9,18,39,50,-11,42,1.11,"7,866",Sergi Guardiola - 8,Stole Dimitrievski,,2022,La Liga
13,Elche,38,11,9,18,40,52,-12,42,1.11,"15,640",Pere Milla - 8,Édgar Badía,,2022,La Liga
14,Espanyol,38,10,12,16,40,53,-13,42,1.11,"17,362",Raúl de Tomás - 17,Diego López,,2022,La Liga
15,Getafe,38,8,15,15,33,41,-8,39,1.03,"8,702",Enes Ünal - 16,David Soria,,2022,La Liga
16,Mallorca,38,10,9,19,36,63,-27,39,1.03,"12,712","Vedat Muriqi, Salva Sevilla - 5",Manolo Reina,,2022,La Liga
17,Cádiz,38,8,15,15,35,51,-16,39,1.03,"14,055","Anthony Lozano, Álvaro Negredo - 7",Jeremías Ledesma,,2022,La Liga
18,Granada,38,8,14,16,44,61,-17,38,1.00,"13,710",Jorge Molina - 10,Luís Maximiano,Relegated,2022,La Liga
19,Levante,38,8,11,19,51,76,-25,35,0.92,"14,961",José Luis Morales - 13,Dani Cárdenas,Relegated,2022,La Liga
20,Alavés,38,8,7,23,31,65,-34,31,0.82,"10,952",Joselu - 14,Fernando Pacheco,Relegated,2022,La Liga
1,Barcelona,38,28,4,6,70,20,+50,88,2.32,"83,498",Robert Lewandowski - 23,Marc-André ter Stegen,→ Champions League via league finish,2023,La Liga
2,Real Madrid,38,24,6,8,75,36,+39,78,2.05,"56,649",Karim Benzema - 19,Thibaut Courtois,→ Champions League via league finish,2023,La Liga
3,Atlético Madrid,38,23,8,7,70,33,+37,77,2.03,"55,800",Antoine Griezmann - 15,Jan Oblak,→ Champions League via league finish,2023,La Liga
4,Real Sociedad,38,21,8,9,51,35,+16,71,1.87,"32,189",Alexander Sørloth - 12,Álex Remiro,→ Champions League via league finish,2023,La Liga
5,Villarreal,38,19,7,12,59,40,+19,64,1.68,"16,406",Nicolas Jackson - 12,Pepe Reina,→ Europa League via league finish,2023,La Liga
6,Real Betis,38,17,9,12,46,41,+5,60,1.58,"49,635",Borja Iglesias - 15,Rui Silva,→ Europa League via league finish,2023,La Liga
7,Osasuna,38,15,8,15,37,42,-5,53,1.39,"19,655","Ante Budimir, Ezequiel Ávila - 8",Aitor Fernández,→ Conference League via league finish,2023,La Liga
8,Athletic Club,38,14,9,15,47,43,+4,51,1.34,"43,488","Iñaki Williams, Oihan Sancet - 10",Unai Simón,,2023,La Liga
9,Mallorca,38,14,8,16,37,43,-6,50,1.32,"14,799",Vedat Muriqi - 15,Predrag Rajković,,2023,La Liga
10,Girona,38,13,10,15,58,55,+3,49,1.29,"11,471",Valentín Castellanos - 13,Paulo Gazzaniga,,2023,La Liga
11,Rayo Vallecano,38,13,10,15,45,53,-8,49,1.29,"12,525",Isaac Palazón Camacho - 9,Stole Dimitrievski,,2023,La Liga
12,Sevilla,38,13,10,15,47,54,-7,49,1.29,"35,566",Youssef En-Nesyri - 8,Yassine Bounou,,2023,La Liga
13,Celta Vigo,38,11,10,17,43,53,-10,43,1.13,"14,425",Iago Aspas - 12,"Agustín Marchesín, Iván Villar",,2023,La Liga
14,Cádiz,38,10,12,16,30,53,-23,42,1.11,"17,741","Theo Bongonda, Gonzalo Escalante - 4",Jeremías Ledesma,,2023,La Liga
15,Getafe,38,10,12,16,34,45,-11,42,1.11,"11,592",Enes Ünal - 14,David Soria,,2023,La Liga
16,Valencia,38,11,9,18,42,45,-3,42,1.11,"40,602","Samuel Lino, Justin Kluivert - 6",Giorgi Mamardashvili,,2023,La Liga
17,Almería,38,11,8,19,49,65,-16,41,1.08,"12,961",El Bilal Touré - 7,Fernando,,2023,La Liga
18,Valladolid,38,11,7,20,33,63,-30,40,1.05,"20,943",Cyle Larin - 8,Jordi Masip,Relegated,2023,La Liga
19,Espanyol,38,8,13,17,52,69,-17,37,0.97,"21,601",Joselu - 16,Fernando Pacheco,Relegated,2023,La Liga
20,Elche,38,5,10,23,30,67,-37,25,0.66,"19,875",Lucas Boyé - 7,Édgar Badía,Relegated,2023,La Liga
1,Real Madrid,38,29,8,1,87,26,+61,95,2.50,"72,061",Jude Bellingham - 19,Andriy Lunin,→ Champions League via league finish,2024,La Liga
2,Barcelona,38,26,7,5,79,44,+35,85,2.24,"39,846",Robert Lewandowski - 19,Marc-André ter Stegen,→ Champions League via league finish,2024,La Liga
3,Girona,38,25,6,7,85,46,+39,81,2.13,"12,520",Artem Dovbyk - 24,Paulo Gazzaniga,→ Champions League via league finish,2024,La Liga
4,Atlético Madrid,38,24,4,10,70,43,+27,76,2.00,"59,121",Antoine Griezmann - 16,Jan Oblak,→ Champions League via league finish,2024,La Liga
5,Athletic Club,38,19,11,8,61,37,+24,68,1.79,"46,112",Gorka Guruzeta - 14,Unai Simón,→ Europa League via cup win,2024,La Liga
6,Real Sociedad,38,16,12,10,51,39,+12,60,1.58,"31,710",Mikel Oyarzabal - 9,Álex Remiro,→ Europa League via league finish,2024,La Liga
7,Real Betis,38,14,15,9,48,45,+3,57,1.50,"51,259",Willian José - 10,Rui Silva,→ Conference League via league finish,2024,La Liga
8,Villarreal,38,14,11,13,65,65,0,53,1.39,"17,957",Alexander Sørloth - 23,Filip Jørgensen,,2024,La Liga
9,Valencia,38,13,10,15,40,45,-5,49,1.29,"43,420",Hugo Duro - 13,Giorgi Mamardashvili,,2024,La Liga
10,Alavés,38,12,10,16,36,46,-10,46,1.21,"17,391",Samu Omorodion - 8,Antonio Sivera,,2024,La Liga
11,Osasuna,38,12,9,17,45,56,-11,45,1.18,"19,703",Ante Budimir - 17,Sergio Herrera,,2024,La Liga
12,Getafe,38,10,13,15,42,54,-12,43,1.13,"11,456",Borja Mayoral - 15,David Soria,,2024,La Liga
13,Celta Vigo,38,10,11,17,46,57,-11,41,1.08,"20,039",Jørgen Strand Larsen - 13,Vicente Guaita,,2024,La Liga
14,Sevilla,38,10,11,17,48,54,-6,41,1.08,"34,984",Youssef En-Nesyri - 16,Ørjan Nyland,,2024,La Liga
15,Mallorca,38,8,16,14,33,44,-11,40,1.05,"17,767",Vedat Muriqi - 7,Predrag Rajković,,2024,La Liga
16,Las Palmas,38,10,10,18,33,47,-14,40,1.05,"25,041",Kirian Rodríguez - 6,Álvaro Vallés,,2024,La Liga
17,Rayo Vallecano,38,8,14,16,29,48,-19,38,1.00,"12,749",Álvaro García - 6,Stole Dimitrievski,,2024,La Liga
18,Cádiz,38,6,15,17,26,55,-29,33,0.87,"18,016",Chris Ramos - 5,Jeremías Ledesma,Relegated,2024,La Liga
19,Almería,38,3,12,23,43,75,-32,21,0.55,"12,893",Sergio Arribas - 9,Luís Maximiano,Relegated,2024,La Liga
20,Granada,38,4,9,25,38,79,-41,21,0.55,"16,350",Myrto Uzuni - 11,Augusto Batalla,Relegated,2024,La Liga
1,Barcelona,38,28,4,6,102,39,+63,88,2.32,"45,953",Robert Lewandowski - 27,Iñaki Peña,→ Champions League via league finish,2025,La Liga
2,Real Madrid,38,26,6,6,78,38,+40,84,2.21,"69,807",Kylian Mbappé - 31,Thibaut Courtois,→ Champions League via league finish,2025,La Liga
3,Atlético Madrid,38,22,10,6,68,30,+38,76,2.00,"60,883",Alexander Sørloth - 20,Jan Oblak,→ Champions League via league finish,2025,La Liga
4,Athletic Club,38,19,13,6,54,29,+25,70,1.84,"48,420",Oihan Sancet - 15,Unai Simón,→ Champions League via league finish,2025,La Liga
5,Villarreal,38,20,10,8,71,51,+20,70,1.84,"18,266",Ayoze Pérez - 19,Diego Conde,→ Champions League via league finish,2025,La Liga
6,Real Betis,38,16,12,10,57,50,+7,60,1.58,"51,542",Isco - 9,Adrián,→ Europa League via league finish,2025,La Liga
7,Celta Vigo,38,16,7,15,59,57,+2,55,1.45,"21,504",Borja Iglesias - 11,Vicente Guaita,→ Europa League via league finish,2025,La Liga
8,Rayo Vallecano,38,13,13,12,41,45,-4,52,1.37,"12,908",Jorge de Frutos - 6,Augusto Batalla,→ Conference League via league finish,2025,La Liga
9,Osasuna,38,12,16,10,48,52,-4,52,1.37,"20,476",Ante Budimir - 21,Sergio Herrera,,2025,La Liga
10,Mallorca,38,13,9,16,35,44,-9,48,1.26,"18,502","Cyle Larin, Vedat Muriqi - 7",Dominik Greif,,2025,La Liga
11,Real Sociedad,38,13,7,18,35,46,-11,46,1.21,"29,877",Mikel Oyarzabal - 9,Álex Remiro,,2025,La Liga
12,Valencia,38,11,13,14,44,54,-10,46,1.21,"43,042",Hugo Duro - 11,Giorgi Mamardashvili,,2025,La Liga
13,Getafe,38,11,9,18,34,39,-5,42,1.11,"11,469",Mauro Arambarri - 10,David Soria,,2025,La Liga
14,Espanyol,38,11,9,18,40,51,-11,42,1.11,"25,640",Javi Puado - 12,Joan García,,2025,La Liga
15,Alavés,38,10,12,16,38,48,-10,42,1.11,"17,318",Kiké - 13,Antonio Sivera,,2025,La Liga
16,Girona,38,11,8,19,44,60,-16,41,1.08,"11,657",Cristhian Stuani - 11,Paulo Gazzaniga,,2025,La Liga
17,Sevilla,38,10,11,17,42,55,-13,41,1.08,"35,619",Dodi Lukebakio - 11,Ørjan Nyland,,2025,La Liga
18,Leganés,38,9,13,16,39,56,-17,40,1.05,"11,135",Dani Raba - 8,Marko Dmitrović,Relegated,2025,La Liga
19,Las Palmas,38,8,8,22,40,61,-21,32,0.84,"23,010",Fábio Silva - 10,Jasper Cillessen,Relegated,2025,La Liga
20,Valladolid,38,4,4,30,26,90,-64,16,0.42,"19,831",Mamadou Sylla - 5,Karl Jakob Hein,Relegated,2025,La Liga
1,Juventus,38,29,4,5,75,20,+55,91,2.39,"38,463",Paulo Dybala - 19,Gianluigi Buffon,→ Champions League via league finish,2016,Serie A
2,Napoli,38,25,7,6,80,32,+48,82,2.16,"39,436",Gonzalo Higuaín - 36,Pepe Reina,→ Champions League via league finish,2016,Serie A
3,Roma,38,23,11,4,83,41,+42,80,2.11,"40,190",Mohamed Salah - 14,Wojciech Szczęsny,→ Champions League via league finish,2016,Serie A
4,Inter,38,20,7,11,50,38,+12,67,1.76,"45,538",Mauro Icardi - 16,Samir Handanović,→ Europa League via league finish,2016,Serie A
5,Fiorentina,38,18,10,10,60,42,+18,64,1.68,"29,698",Josip Iličić - 13,Ciprian Tătărușanu,→ Europa League via league finish 1,2016,Serie A
6,Sassuolo,38,16,13,9,49,40,+9,61,1.61,"12,078","Nicola Sansone, Domenico Berardi... - 7",Andrea Consigli,→ Europa League via league finish,2016,Serie A
7,Milan,38,15,12,11,49,43,+6,57,1.50,"37,823",Carlos Bacca - 18,Gianluigi Donnarumma,,2016,Serie A
8,Lazio,38,15,9,14,52,52,0,54,1.42,"20,561",Antonio Candreva - 10,Federico Marchetti,,2016,Serie A
9,Chievo,38,13,11,14,43,45,-2,50,1.32,"11,132",Alberto Paloschi - 8,Albano Bizzarri,,2016,Serie A
10,Empoli,38,12,10,16,40,49,-9,46,1.21,"10,220",Massimo Maccarone - 13,Łukasz Skorupski,,2016,Serie A
11,Genoa,38,13,7,18,45,48,-3,46,1.21,"20,938",Leonardo Pavoletti - 14,Mattia Perin,,2016,Serie A
12,Torino,38,12,9,17,52,55,-3,45,1.18,"19,560",Andrea Belotti - 12,Daniele Padelli,,2016,Serie A
13,Atalanta,38,11,12,15,41,47,-6,45,1.18,"15,945",Papu Gómez - 7,Marco Sportiello,,2016,Serie A
14,Bologna,38,11,9,18,33,45,-12,42,1.11,"20,908",Mattia Destro - 8,Antonio Mirante,,2016,Serie A
15,Sampdoria,38,10,10,18,48,61,-13,40,1.05,"21,969",Éder - 12,Emiliano Viviano,,2016,Serie A
16,Palermo,38,10,9,19,38,65,-27,39,1.03,"19,108",Alberto Gilardino - 10,Stefano Sorrentino,,2016,Serie A
17,Udinese,38,10,9,19,35,60,-25,39,1.03,"16,698",Cyril Théréau - 11,Orestis Karnezis,,2016,Serie A
18,Carpi,38,9,11,18,37,57,-20,38,1.00,"8,808",Kevin Lasagna - 5,Vid Belec,Relegated,2016,Serie A
19,Frosinone,38,8,7,23,35,76,-41,31,0.82,"7,250","Daniel Ciofani, Federico Dionisi - 9",Nicola Leali,Relegated,2016,Serie A
20,Hellas Verona,38,5,13,20,34,63,-29,28,0.74,"18,184","Giampaolo Pazzini, Luca Toni - 6",Pierluigi Gollini,Relegated,2016,Serie A
1,Juventus,38,29,4,5,77,27,+50,91,2.39,"39,518",Gonzalo Higuaín - 24,Gianluigi Buffon,→ Champions League via league finish,2017,Serie A
2,Roma,38,28,3,7,90,38,+52,87,2.29,"32,638",Edin Džeko - 29,Wojciech Szczęsny,→ Champions League via league finish,2017,Serie A
3,Napoli,38,26,8,4,94,39,+55,86,2.26,"36,605",Dries Mertens - 28,Pepe Reina,→ Champions League via league finish,2017,Serie A
4,Atalanta,38,21,9,8,62,41,+21,72,1.89,"16,946",Papu Gómez - 16,Etrit Berisha,→ Europa League via league finish,2017,Serie A
5,Lazio,38,21,7,10,74,51,+23,70,1.84,"21,053",Ciro Immobile - 23,Thomas Strakosha,→ Europa League via league finish 1,2017,Serie A
6,Milan,38,18,9,11,57,45,+12,63,1.66,"40,294",Carlos Bacca - 13,Gianluigi Donnarumma,→ Europa League via league finish,2017,Serie A
7,Inter,38,19,5,14,72,49,+23,62,1.63,"45,689",Mauro Icardi - 24,Samir Handanović,,2017,Serie A
8,Fiorentina,38,16,12,10,63,57,+6,60,1.58,"26,470",Nikola Kalinić - 15,Ciprian Tătărușanu,,2017,Serie A
9,Torino,38,13,14,11,71,66,+5,53,1.39,"19,300",Andrea Belotti - 26,Joe Hart,,2017,Serie A
10,Sampdoria,38,12,12,14,49,55,-6,48,1.26,"19,852",Fabio Quagliarella - 12,Christian Puggioni,,2017,Serie A
11,Cagliari,38,14,5,19,55,76,-21,47,1.24,"13,024",Marco Borriello - 16,Rafael,,2017,Serie A
12,Sassuolo,38,13,7,18,58,63,-5,46,1.21,"12,362",Grégoire Defrel - 12,Andrea Consigli,,2017,Serie A
13,Udinese,38,12,9,17,47,56,-9,45,1.18,"16,716",Cyril Théréau - 12,Orestis Karnezis,,2017,Serie A
14,Chievo,38,12,7,19,43,61,-18,43,1.13,"12,711",Roberto Inglese - 10,Stefano Sorrentino,,2017,Serie A
15,Bologna,38,11,8,19,40,58,-18,41,1.08,"21,912",Mattia Destro - 11,Antonio Mirante,,2017,Serie A
16,Genoa,38,9,9,20,38,64,-26,36,0.95,"21,445",Giovanni Simeone - 12,Eugenio Lamanna,,2017,Serie A
17,Crotone,38,9,7,22,34,58,-24,34,0.89,"8,226",Diego Falcinelli - 13,Alex Cordaz,,2017,Serie A
18,Empoli,38,8,8,22,29,61,-32,32,0.84,"9,483",Levan Mchedlidze - 6,Łukasz Skorupski,Relegated,2017,Serie A
19,Palermo,38,6,8,24,33,77,-44,26,0.68,"12,871",Ilija Nestorovski - 11,Josip Posavec,Relegated,2017,Serie A
20,Pescara,38,3,9,26,37,81,-44,18,0.47,"13,308",Gianluca Caprari - 9,Albano Bizzarri,Relegated,2017,Serie A
1,Juventus,38,30,5,3,86,24,+62,95,2.50,"38,919",Paulo Dybala - 22,Gianluigi Buffon,→ Champions League via league finish,2018,Serie A
2,Napoli,38,28,7,3,77,29,+48,91,2.39,"42,633",Dries Mertens - 18,Pepe Reina,→ Champions League via league finish,2018,Serie A
3,Roma,38,23,8,7,61,28,+33,77,2.03,"37,451",Edin Džeko - 16,Alisson,→ Champions League via league finish,2018,Serie A
4,Inter,38,20,12,6,66,30,+36,72,1.89,"57,529",Mauro Icardi - 29,Samir Handanović,→ Champions League via league finish,2018,Serie A
5,Lazio,38,21,9,8,89,49,+40,72,1.89,"32,123",Ciro Immobile - 29,Thomas Strakosha,→ Europa League via league finish,2018,Serie A
6,Milan,38,18,10,10,56,42,+14,64,1.68,"52,690",Patrick Cutrone - 10,Gianluigi Donnarumma,→ Europa League via league finish 1,2018,Serie A
7,Atalanta,38,16,12,10,57,39,+18,60,1.58,"17,923",Josip Iličić - 11,Etrit Berisha,→ Europa League via league finish,2018,Serie A
8,Fiorentina,38,16,9,13,54,46,+8,57,1.50,"26,092",Giovanni Simeone - 14,Marco Sportiello,,2018,Serie A
9,Torino,38,13,15,10,54,46,+8,54,1.42,"18,375",Iago Falque - 12,Salvatore Sirigu,,2018,Serie A
10,Sampdoria,38,16,6,16,56,60,-4,54,1.42,"20,065",Fabio Quagliarella - 19,Emiliano Viviano,,2018,Serie A
11,Sassuolo,38,11,10,17,29,59,-30,43,1.13,"11,004",Matteo Politano - 10,Andrea Consigli,,2018,Serie A
12,Genoa,38,11,8,19,33,43,-10,41,1.08,"20,731",Gianluca Lapadula - 6,Mattia Perin,,2018,Serie A
13,Chievo,38,10,10,18,36,59,-23,40,1.05,"11,436",Roberto Inglese - 12,Stefano Sorrentino,,2018,Serie A
14,Udinese,38,12,4,22,48,63,-15,40,1.05,"16,159",Kevin Lasagna - 12,Albano Bizzarri,,2018,Serie A
15,Bologna,38,11,6,21,40,52,-12,39,1.03,"22,556",Simone Verdi - 10,Antonio Mirante,,2018,Serie A
16,Cagliari,38,11,6,21,33,61,-28,39,1.03,"14,651",Leonardo Pavoletti - 11,Alessio Cragno,,2018,Serie A
17,SPAL,38,8,14,16,39,59,-20,38,1.00,"12,065",Mirco Antenucci - 11,Alfred Gomis,,2018,Serie A
18,Crotone,38,9,8,21,40,66,-26,35,0.92,"10,788","Marcello Trotta, Simeon Nwankwo - 7",Alex Cordaz,Relegated,2018,Serie A
19,Hellas Verona,38,7,4,27,30,78,-48,25,0.66,"17,432","Moise Kean, Giampaolo Pazzini - 4",Nícolas Andrade,Relegated,2018,Serie A
20,Benevento,38,6,3,29,33,84,-51,21,0.55,"12,200",Cheick Diabaté - 8,Christian Puggioni,Relegated,2018,Serie A
1,Juventus,38,28,6,4,70,30,+40,90,2.37,"37,799",Cristiano Ronaldo - 21,Wojciech Szczęsny,→ Champions League via league finish,2019,Serie A
2,Napoli,38,24,7,7,74,36,+38,79,2.08,"29,003",Arkadiusz Milik - 17,David Ospina,→ Champions League via league finish,2019,Serie A
3,Atalanta,38,20,9,9,77,46,+31,69,1.82,"18,301",Duván Zapata - 23,Pierluigi Gollini,→ Champions League via league finish,2019,Serie A
4,Inter,38,20,9,9,57,33,+24,69,1.82,"57,405",Mauro Icardi - 11,Samir Handanović,→ Champions League via league finish,2019,Serie A
5,Milan,38,19,11,8,55,36,+19,68,1.79,"54,651",Krzysztof Piątek - 9,Gianluigi Donnarumma,Ineligible for continental competition 1,2019,Serie A
6,Roma,38,18,12,8,66,48,+18,66,1.74,"38,622",Stephan El Shaarawy - 11,Robin Olsen,→ Europa League via league finish,2019,Serie A
7,Torino,38,16,15,7,52,37,+15,63,1.66,"21,323",Andrea Belotti - 15,Salvatore Sirigu,→ Europa League via league finish,2019,Serie A
8,Lazio,38,17,8,13,56,46,+10,59,1.55,"33,997",Ciro Immobile - 15,Thomas Strakosha,→ Europa League via cup win 2,2019,Serie A
9,Sampdoria,38,15,8,15,60,51,+9,53,1.39,"20,263",Fabio Quagliarella - 26,Emil Audero,,2019,Serie A
10,Bologna,38,11,11,16,48,56,-8,44,1.16,"21,237","Federico Santander, Riccardo Orsolini - 8",Łukasz Skorupski,,2019,Serie A
11,Sassuolo,38,9,16,13,53,60,-7,43,1.13,"12,369",Domenico Berardi - 8,Andrea Consigli,,2019,Serie A
12,Udinese,38,11,10,17,39,53,-14,43,1.13,"20,414",Rodrigo De Paul - 9,Juan Musso,,2019,Serie A
13,SPAL,38,11,9,18,44,56,-12,42,1.11,"14,745",Andrea Petagna - 16,Alfred Gomis,,2019,Serie A
14,Parma,38,10,11,17,41,61,-20,41,1.08,"16,522",Gervinho - 11,Luigi Sepe,,2019,Serie A
15,Cagliari,38,10,11,17,36,54,-18,41,1.08,"15,396",Leonardo Pavoletti - 16,Alessio Cragno,,2019,Serie A
16,Fiorentina,38,8,17,13,47,45,+2,41,1.08,"31,178",Marco Benassi - 7,Alban Lafont,,2019,Serie A
17,Genoa,38,8,14,16,39,57,-18,38,1.00,"20,950",Krzysztof Piątek - 13,Ionuț Radu,,2019,Serie A
18,Empoli,38,10,8,20,51,70,-19,38,1.00,"9,620",Francesco Caputo - 16,Ivan Provedel,Relegated,2019,Serie A
19,Frosinone,38,5,10,23,29,69,-40,25,0.66,"12,656",Camillo Ciano - 7,Marco Sportiello,Relegated,2019,Serie A
20,Chievo,38,2,14,22,25,75,-50,17,0.45,"12,142",Mariusz Stępiński - 6,Stefano Sorrentino,"3-point deduction 3, Relegated",2019,Serie A
1,Juventus,38,26,5,7,76,43,+33,83,2.18,"25,102",Cristiano Ronaldo - 31,Wojciech Szczęsny,→ Champions League via league finish,2020,Serie A
2,Inter,38,24,10,4,81,36,+45,82,2.16,"41,558",Romelu Lukaku - 23,Samir Handanović,→ Champions League via league finish,2020,Serie A
3,Atalanta,38,23,9,6,98,48,+50,78,2.05,"11,167","Luis Muriel, Duván Zapata - 18",Pierluigi Gollini,→ Champions League via league finish,2020,Serie A
4,Lazio,38,24,6,8,79,42,+37,78,2.05,"26,363",Ciro Immobile - 36,Thomas Strakosha,→ Champions League via league finish,2020,Serie A
5,Roma,38,21,7,10,77,51,+26,70,1.84,"26,956",Edin Džeko - 16,Pau López,→ Europa League via league finish,2020,Serie A
6,Milan,38,19,9,10,63,46,+17,66,1.74,"34,078",Ante Rebić - 11,Gianluigi Donnarumma,→ Europa League via league finish,2020,Serie A
7,Napoli,38,18,8,12,61,50,+11,62,1.63,"21,622",Arkadiusz Milik - 11,Alex Meret,→ Europa League via cup win 1,2020,Serie A
8,Sassuolo,38,14,9,15,69,63,+6,51,1.34,"7,704",Francesco Caputo - 21,Andrea Consigli,,2020,Serie A
9,Hellas Verona,38,12,13,13,47,51,-4,49,1.29,"11,248",Samuel Di Carmine - 8,Marco Silvestri,,2020,Serie A
10,Fiorentina,38,12,13,13,51,48,+3,49,1.29,"22,486",Federico Chiesa - 11,Bartłomiej Drągowski,,2020,Serie A
11,Parma,38,14,7,17,56,57,-1,49,1.29,"10,245",Andreas Cornelius - 12,Luigi Sepe,,2020,Serie A
12,Bologna,38,12,11,15,52,65,-13,47,1.24,"15,774",Musa Barrow - 9,Łukasz Skorupski,,2020,Serie A
13,Udinese,38,12,9,17,37,51,-14,45,1.18,"13,841",Kevin Lasagna - 10,Juan Musso,,2020,Serie A
14,Cagliari,38,11,12,15,52,56,-4,45,1.18,"10,728",João Pedro - 18,Robin Olsen,,2020,Serie A
15,Sampdoria,38,12,6,20,48,65,-17,42,1.11,"13,700","Manolo Gabbiadini, Fabio Quagliarella - 11",Emil Audero,,2020,Serie A
16,Torino,38,11,7,20,46,68,-22,40,1.05,"13,338",Andrea Belotti - 16,Salvatore Sirigu,,2020,Serie A
17,Genoa,38,10,9,19,47,73,-26,39,1.03,"14,016",Goran Pandev - 9,Mattia Perin,,2020,Serie A
18,Lecce,38,9,8,21,52,85,-33,35,0.92,"15,939",Marco Mancosu - 14,Gabriel,Relegated,2020,Serie A
19,Brescia,38,6,7,25,35,79,-44,25,0.66,"10,050","Ernesto Torregrossa, Alfredo Donnarumma - 7",Jesse Joronen,Relegated,2020,Serie A
20,SPAL,38,5,5,28,27,77,-50,20,0.53,"8,241",Andrea Petagna - 12,Etrit Berisha,Relegated,2020,Serie A
1,Inter,38,28,7,3,89,35,+54,91,2.39,158,Romelu Lukaku - 24,Samir Handanović,→ Champions League via league finish,2021,Serie A
2,Milan,38,24,7,7,74,41,+33,79,2.08,105,Zlatan Ibrahimović - 15,Gianluigi Donnarumma,→ Champions League via league finish,2021,Serie A
3,Atalanta,38,23,9,6,90,47,+43,78,2.05,105,Luis Muriel - 22,Pierluigi Gollini,→ Champions League via league finish,2021,Serie A
4,Juventus,38,23,9,6,77,38,+39,78,2.05,105,Cristiano Ronaldo - 29,Wojciech Szczęsny,→ Champions League via league finish,2021,Serie A
5,Napoli,38,24,5,9,86,41,+45,77,2.03,105,Lorenzo Insigne - 19,Alex Meret,→ Europa League via league finish,2021,Serie A
6,Lazio,38,21,5,12,61,55,+6,68,1.79,158,Ciro Immobile - 20,Pepe Reina,→ Europa League via league finish 1,2021,Serie A
7,Roma,38,18,8,12,68,58,+10,62,1.63,105,Henrikh Mkhitaryan - 13,Pau López,→ Europa Conference League via league finish,2021,Serie A
8,Sassuolo,38,17,11,10,64,56,+8,62,1.63,134,Domenico Berardi - 17,Andrea Consigli,,2021,Serie A
9,Sampdoria,38,15,7,16,52,54,-2,52,1.37,105,Fabio Quagliarella - 13,Emil Audero,,2021,Serie A
10,Hellas Verona,38,11,12,15,46,48,-2,45,1.18,611,Antonín Barák - 7,Marco Silvestri,,2021,Serie A
11,Genoa,38,10,12,16,47,58,-11,42,1.11,53,Mattia Destro - 11,Mattia Perin,,2021,Serie A
12,Bologna,38,10,11,17,51,65,-14,41,1.08,105,Roberto Soriano - 9,Łukasz Skorupski,,2021,Serie A
13,Fiorentina,38,9,13,16,47,59,-12,40,1.05,105,Dušan Vlahović - 21,Bartłomiej Drągowski,,2021,Serie A
14,Udinese,38,10,10,18,42,58,-16,40,1.05,158,Rodrigo De Paul - 9,Juan Musso,,2021,Serie A
15,Spezia,38,9,12,17,52,72,-20,39,1.03,105,M'Bala Nzola - 11,Ivan Provedel,,2021,Serie A
16,Cagliari,38,9,10,19,43,59,-16,37,0.97,105,João Pedro - 16,Alessio Cragno,,2021,Serie A
17,Torino,38,7,16,15,50,69,-19,37,0.97,105,Andrea Belotti - 13,Salvatore Sirigu,,2021,Serie A
18,Benevento,38,7,12,19,40,75,-35,33,0.87,158,Gianluca Lapadula - 8,Lorenzo Montipò,Relegated,2021,Serie A
19,Crotone,38,6,5,27,45,92,-47,23,0.61,53,Simeon Nwankwo - 20,Alex Cordaz,Relegated,2021,Serie A
20,Parma,38,3,11,24,39,83,-44,20,0.53,158,"Juraj Kucka, Hernani - 7",Luigi Sepe,Relegated,2021,Serie A
1,Milan,38,26,8,4,69,31,+38,86,2.26,"44,015","Olivier Giroud, Rafael Leão - 11",Mike Maignan,→ Champions League via league finish,2022,Serie A
2,Inter,38,25,9,4,84,32,+52,84,2.21,"44,473",Lautaro Martínez - 21,Samir Handanović,→ Champions League via league finish,2022,Serie A
3,Napoli,38,24,7,7,74,31,+43,79,2.08,"28,119",Victor Osimhen - 14,David Ospina,→ Champions League via league finish,2022,Serie A
4,Juventus,38,20,10,8,57,37,+20,70,1.84,"22,621",Paulo Dybala - 10,Wojciech Szczęsny,→ Champions League via league finish,2022,Serie A
5,Lazio,38,18,10,10,77,58,+19,64,1.68,"23,263",Ciro Immobile - 27,Thomas Strakosha,→ Europa League via league finish,2022,Serie A
6,Roma,38,18,9,11,59,43,+16,63,1.66,"41,929",Tammy Abraham - 17,Rui Patrício,→ Europa League via league finish,2022,Serie A
7,Fiorentina,38,19,5,14,59,51,+8,62,1.63,"21,107",Dušan Vlahović - 17,Pietro Terracciano,→ Europa Conference League via league finish,2022,Serie A
8,Atalanta,38,16,11,11,65,48,+17,59,1.55,"10,447",Mario Pašalić - 13,Juan Musso,,2022,Serie A
9,Hellas Verona,38,14,11,13,65,59,+6,53,1.39,"13,894",Giovanni Simeone - 17,Lorenzo Montipò,,2022,Serie A
10,Torino,38,13,11,14,46,41,+5,50,1.32,"9,846",Andrea Belotti - 8,Vanja Milinković-Savić,,2022,Serie A
11,Sassuolo,38,13,11,14,64,66,-2,50,1.32,"8,362",Gianluca Scamacca - 16,Andrea Consigli,,2022,Serie A
12,Udinese,38,11,14,13,61,58,+3,47,1.24,"12,144",Gerard Deulofeu - 13,Marco Silvestri,,2022,Serie A
13,Bologna,38,12,10,16,44,55,-11,46,1.21,"14,158",Marko Arnautović - 14,Łukasz Skorupski,,2022,Serie A
14,Empoli,38,10,11,17,50,70,-20,41,1.08,"6,356",Andrea Pinamonti - 13,Guglielmo Vicario,,2022,Serie A
15,Sampdoria,38,10,6,22,46,63,-17,36,0.95,"9,417",Francesco Caputo - 11,Emil Audero,,2022,Serie A
16,Spezia,38,10,6,22,41,71,-30,36,0.95,"6,709",Daniele Verde - 8,Ivan Provedel,,2022,Serie A
17,Salernitana,38,7,10,21,33,78,-45,31,0.82,"15,073",Federico Bonazzoli - 10,Vid Belec,,2022,Serie A
18,Cagliari,38,6,12,20,34,68,-34,30,0.79,"9,718",João Pedro - 13,Alessio Cragno,Relegated,2022,Serie A
19,Genoa,38,4,16,18,27,60,-33,28,0.74,"12,326",Mattia Destro - 9,Salvatore Sirigu,Relegated,2022,Serie A
20,Venezia,38,6,9,23,34,69,-35,27,0.71,"6,648",Thomas Henry - 9,Niki Mäenpää,Relegated,2022,Serie A
1,Napoli,38,28,6,4,77,28,+49,90,2.37,"46,173",Victor Osimhen - 26,Alex Meret,→ Champions League via league finish,2023,Serie A
2,Lazio,38,22,8,8,60,30,+30,74,1.95,"44,141",Ciro Immobile - 12,Ivan Provedel,→ Champions League via league finish,2023,Serie A
3,Inter,38,23,3,12,71,42,+29,72,1.89,"72,630",Lautaro Martínez - 21,André Onana,→ Champions League via league finish,2023,Serie A
4,Milan,38,20,10,8,64,43,+21,70,1.84,"71,880",Rafael Leão - 15,Mike Maignan,→ Champions League via league finish,2023,Serie A
5,Atalanta,38,19,7,12,66,48,+18,64,1.68,"18,241",Ademola Lookman - 13,Juan Musso,→ Europa League via league finish,2023,Serie A
6,Roma,38,18,9,11,50,38,+12,63,1.66,"62,032",Paulo Dybala - 12,Rui Patrício,→ Europa League via league finish,2023,Serie A
7,Juventus,38,22,6,10,56,33,+23,62,1.63,"37,656",Dušan Vlahović - 10,Wojciech Szczęsny,"10-point deduction 1, → Conference League via league finish",2023,Serie A
8,Fiorentina,38,15,11,12,53,43,+10,56,1.47,"32,200",Arthur Cabral - 8,Pietro Terracciano,,2023,Serie A
9,Bologna,38,14,12,12,53,49,+4,54,1.42,"22,314",Riccardo Orsolini - 11,Łukasz Skorupski,,2023,Serie A
10,Torino,38,14,11,13,42,41,+1,53,1.39,"19,464",Antonio Sanabria - 12,Vanja Milinković-Savić,,2023,Serie A
11,Monza,38,14,10,14,48,52,-4,52,1.37,"12,413","Patrick Ciurria, Carlos Augusto - 6",Michele Di Gregorio,,2023,Serie A
12,Udinese,38,11,13,14,47,48,-1,46,1.21,"21,616",Beto - 10,Marco Silvestri,,2023,Serie A
13,Sassuolo,38,12,9,17,47,61,-14,45,1.18,"13,011",Domenico Berardi - 12,Andrea Consigli,,2023,Serie A
14,Empoli,38,10,13,15,37,49,-12,43,1.13,"9,808",Nicolò Cambiaghi - 6,Guglielmo Vicario,,2023,Serie A
15,Salernitana,38,9,15,14,48,62,-14,42,1.11,"20,082",Boulaye Dia - 16,Guillermo Ochoa,,2023,Serie A
16,Lecce,38,8,12,18,33,46,-13,36,0.95,"24,654",Gabriel Strefezza - 8,Wladimiro Falcone,,2023,Serie A
17,Spezia,38,6,13,19,31,62,-31,31,0.82,"9,258",M'Bala Nzola - 13,Bartłomiej Drągowski,"Relegated, → Relegation tie-breaker",2023,Serie A
18,Hellas Verona,38,7,10,21,31,59,-28,31,0.82,"18,752",Simone Verdi - 5,Lorenzo Montipò,→ Relegation tie-breaker,2023,Serie A
19,Cremonese,38,5,12,21,36,69,-33,27,0.71,"11,978",Daniel Ciofani - 8,Marco Carnesecchi,Relegated,2023,Serie A
20,Sampdoria,38,3,10,25,24,71,-47,19,0.50,"20,133",Manolo Gabbiadini - 7,Emil Audero,Relegated,2023,Serie A
1,Inter,38,29,7,2,89,22,+67,94,2.47,"72,838",Lautaro Martínez - 24,Yann Sommer,→ Champions League via league finish,2024,Serie A
2,Milan,38,22,9,7,76,49,+27,75,1.97,"72,000",Olivier Giroud - 15,Mike Maignan,→ Champions League via league finish,2024,Serie A
3,Juventus,38,19,14,5,54,31,+23,71,1.87,"38,142",Dušan Vlahović - 16,Wojciech Szczęsny,→ Champions League via league finish,2024,Serie A
4,Atalanta,38,21,6,11,72,42,+30,69,1.82,"14,725","Gianluca Scamacca, Teun Koopmeiners - 12",Marco Carnesecchi,→ Champions League via league finish,2024,Serie A
5,Bologna,38,18,14,6,54,32,+22,68,1.79,"25,914",Joshua Zirkzee - 11,Łukasz Skorupski,→ Champions League via league finish,2024,Serie A
6,Roma,38,18,9,11,65,46,+19,63,1.66,"62,924","Romelu Lukaku, Paulo Dybala - 13",Rui Patrício,→ Europa League via league finish,2024,Serie A
7,Lazio,38,18,7,13,49,39,+10,61,1.61,"42,689",Ciro Immobile - 7,Ivan Provedel,→ Europa League via league finish,2024,Serie A
8,Fiorentina,38,17,9,12,61,46,+15,60,1.58,"29,941",Nicolás González - 12,Pietro Terracciano,→ Conference League via league finish,2024,Serie A
9,Torino,38,13,14,11,36,36,0,53,1.39,"22,753",Duván Zapata - 12,Vanja Milinković-Savić,,2024,Serie A
10,Napoli,38,13,14,11,55,48,+7,53,1.39,"45,622",Victor Osimhen - 15,Alex Meret,,2024,Serie A
11,Genoa,38,12,13,13,45,45,0,49,1.29,"29,609",Albert Guðmundsson - 14,Josep Martinez,,2024,Serie A
12,Monza,38,11,12,15,39,51,-12,45,1.18,"12,172",Andrea Colpani - 8,Michele Di Gregorio,,2024,Serie A
13,Hellas Verona,38,9,11,18,38,51,-13,38,1.00,"21,996",Cyril Ngonge - 6,Lorenzo Montipò,,2024,Serie A
14,Lecce,38,8,14,16,32,54,-22,38,1.00,"26,642",Nikola Krstović - 7,Wladimiro Falcone,,2024,Serie A
15,Udinese,38,6,19,13,37,53,-16,37,0.97,"21,537",Lorenzo Lucca - 8,Maduka Okoye,,2024,Serie A
16,Cagliari,38,8,12,18,42,68,-26,36,0.95,"16,168",Nicolas Viola - 5,Simone Scuffet,,2024,Serie A
17,Empoli,38,9,9,20,29,54,-25,36,0.95,"11,092",M'Baye Niang - 6,Elia Caprile,,2024,Serie A
18,Frosinone,38,8,11,19,44,69,-25,35,0.92,"15,824",Matìas Soulé - 11,Stefano Turati,Relegated,2024,Serie A
19,Sassuolo,38,7,9,22,43,75,-32,30,0.79,"13,905",Andrea Pinamonti - 11,Andrea Consigli,Relegated,2024,Serie A
20,Salernitana,38,2,11,25,32,81,-49,17,0.45,"18,787",Antonio Candreva - 6,Guillermo Ochoa,Relegated,2024,Serie A
1,Napoli,38,24,10,4,59,27,+32,82,2.16,"50,909",Romelu Lukaku - 14,Alex Meret,→ Champions League via league finish,2025,Serie A
2,Inter,38,24,9,5,79,35,+44,81,2.13,"70,126",Marcus Thuram - 14,Yann Sommer,→ Champions League via league finish,2025,Serie A
3,Atalanta,38,22,8,8,78,37,+41,74,1.95,"22,675",Mateo Retegui - 25,Marco Carnesecchi,→ Champions League via league finish,2025,Serie A
4,Juventus,38,18,16,4,58,35,+23,70,1.84,"40,275",Dušan Vlahović - 10,Michele Di Gregorio,→ Champions League via league finish,2025,Serie A
5,Roma,38,20,9,9,56,35,+21,69,1.82,"61,895",Artem Dovbyk - 12,Mile Svilar,→ Europa League via league finish,2025,Serie A
6,Fiorentina,38,19,8,11,60,41,+19,65,1.71,"20,358",Moise Kean - 19,David de Gea,→ Conference League via league finish,2025,Serie A
7,Lazio,38,18,11,9,61,49,+12,65,1.71,"41,161","Pedro, Valentín Castellanos - 10",Ivan Provedel,,2025,Serie A
8,Milan,38,18,9,11,61,43,+18,63,1.66,"71,523",Christian Pulisic - 11,Mike Maignan,,2025,Serie A
9,Bologna,38,16,14,8,57,47,+10,62,1.63,"27,772",Riccardo Orsolini - 15,Łukasz Skorupski,→ Europa League via cup win,2025,Serie A
10,Como,38,13,10,15,49,52,-3,49,1.29,"10,604",Assane Diao - 8,Jean Butez,,2025,Serie A
11,Torino,38,10,14,14,39,45,-6,44,1.16,"23,327",Che Adams - 9,Vanja Milinković-Savić,,2025,Serie A
12,Udinese,38,12,8,18,41,56,-15,44,1.16,"21,098",Lorenzo Lucca - 12,Maduka Okoye,,2025,Serie A
13,Genoa,38,10,13,15,37,49,-12,43,1.13,"31,248",Andrea Pinamonti - 10,Nicola Leali,,2025,Serie A
14,Hellas Verona,38,10,7,21,34,66,-32,37,0.97,"25,391",Casper Tengstedt - 6,Lorenzo Montipò,,2025,Serie A
15,Cagliari,38,9,9,20,40,56,-16,36,0.95,"16,071",Roberto Piccoli - 10,Elia Caprile,,2025,Serie A
16,Parma,38,7,15,16,44,58,-14,36,0.95,"19,236",Ange-Yoan Bonny - 6,Zion Suzuki,,2025,Serie A
17,Lecce,38,8,10,20,27,58,-31,34,0.89,"25,980",Nikola Krstović - 11,Wladimiro Falcone,,2025,Serie A
18,Empoli,38,6,13,19,33,59,-26,31,0.82,"10,648",Sebastiano Esposito - 8,Devis Vásquez,Relegated,2025,Serie A
19,Venezia,38,5,14,19,32,56,-24,29,0.76,"10,415",Joel Pohjanpalo - 6,Filip Stankovic,Relegated,2025,Serie A
20,Monza,38,3,9,26,28,69,-41,18,0.47,"11,271",Dany Mota - 5,Stefano Turati,Relegated,2025,Serie A
1,Bayern Munich,34,28,4,2,80,17,+63,88,2.59,"75,000",Robert Lewandowski - 30,Manuel Neuer,→ Champions League via league finish,2016,Bundesliga
2,Dortmund,34,24,6,4,82,34,+48,78,2.29,"81,178",Pierre-Emerick Aubameyang - 25,Roman Bürki,→ Champions League via league finish,2016,Bundesliga
3,Leverkusen,34,18,6,10,56,40,+16,60,1.76,"29,085",Javier Hernández - 17,Bernd Leno,→ Champions League via league finish,2016,Bundesliga
4,Gladbach,34,17,4,13,67,50,+17,55,1.62,"51,715",Raffael - 13,Yann Sommer,→ Champions League via league finish,2016,Bundesliga
5,Schalke 04,34,15,7,12,51,49,+2,52,1.53,"61,386",Klaas-Jan Huntelaar - 12,Ralf Fährmann,→ Europa League via league finish,2016,Bundesliga
6,Mainz 05,34,14,8,12,46,42,+4,50,1.47,"31,053",Yunus Mallı - 11,Loris Karius,→ Europa League via league finish 1,2016,Bundesliga
7,Hertha BSC,34,14,8,12,42,42,0,50,1.47,"49,704",Salomon Kalou - 14,Rune Jarstein,→ Europa League via league finish,2016,Bundesliga
8,Wolfsburg,34,12,9,13,47,49,-2,45,1.32,"28,945",André Schürrle - 9,Diego Benaglio,,2016,Bundesliga
9,Köln,34,10,13,11,38,42,-4,43,1.26,"48,676",Anthony Modeste - 15,Timo Horn,,2016,Bundesliga
10,Hamburger SV,34,11,8,15,40,46,-6,41,1.21,"53,700",Nicolai Müller - 9,René Adler,,2016,Bundesliga
11,Ingolstadt,34,10,10,14,33,42,-9,40,1.18,"14,836",Moritz Hartmann - 12,Ramazan Özcan,,2016,Bundesliga
12,Augsburg,34,9,11,14,42,52,-10,38,1.12,"29,017",Koo Ja-cheol - 8,Marwin Hitz,,2016,Bundesliga
13,Werder Bremen,34,10,8,16,50,65,-15,38,1.12,"40,935",Claudio Pizarro - 14,Felix Wiedwald,,2016,Bundesliga
14,Darmstadt 98,34,9,11,14,38,53,-15,38,1.12,"16,647",Sandro Wagner - 14,Christian Mathenia,,2016,Bundesliga
15,Hoffenheim,34,9,10,15,39,54,-15,37,1.09,"27,615","Kevin Volland, Mark Uth - 8",Oliver Baumann,,2016,Bundesliga
16,Eintracht Frankfurt,34,9,9,16,34,52,-18,36,1.06,"46,676",Alexander Meier - 12,Lukáš Hrádecký,→ German 1/2 Relegation/Promotion play-offs,2016,Bundesliga
17,Stuttgart,34,9,6,19,50,75,-25,33,0.97,"51,983",Daniel Didavi - 13,Przemysław Tytoń,Relegated,2016,Bundesliga
18,Hannover 96,34,7,4,23,31,62,-31,25,0.74,"41,246",Artur Sobiech - 7,Ron-Robert Zieler,Relegated,2016,Bundesliga
1,Bayern Munich,34,25,7,2,89,22,+67,82,2.41,"75,000",Robert Lewandowski - 30,Manuel Neuer,→ Champions League via league finish,2017,Bundesliga
2,RB Leipzig,34,20,7,7,66,39,+27,67,1.97,"41,454",Timo Werner - 21,Péter Gulácsi,→ Champions League via league finish,2017,Bundesliga
3,Dortmund,34,18,10,6,72,40,+32,64,1.88,"79,653",Pierre-Emerick Aubameyang - 31,Roman Bürki,→ Champions League via league finish,2017,Bundesliga
4,Hoffenheim,34,16,14,4,64,37,+27,62,1.82,"28,155",Andrej Kramarić - 15,Oliver Baumann,→ Champions League via league finish,2017,Bundesliga
5,Köln,34,12,13,9,51,42,+9,49,1.44,"49,571",Anthony Modeste - 25,Timo Horn,→ Europa League via league finish,2017,Bundesliga
6,Hertha BSC,34,15,4,15,43,47,-4,49,1.44,"50,267",Vedad Ibišević - 12,Rune Jarstein,→ Europa League via league finish 1,2017,Bundesliga
7,Freiburg,34,14,6,14,42,60,-18,48,1.41,"23,959",Florian Niederlechner - 11,Alexander Schwolow,→ Europa League via league finish,2017,Bundesliga
8,Werder Bremen,34,13,6,15,61,64,-3,45,1.32,"40,881",Max Kruse - 15,Felix Wiedwald,,2017,Bundesliga
9,Gladbach,34,12,9,13,45,49,-4,45,1.32,"51,494",Lars Stindl - 11,Yann Sommer,,2017,Bundesliga
10,Schalke 04,34,11,10,13,45,40,+5,43,1.26,"60,703",Guido Burgstaller - 9,Ralf Fährmann,,2017,Bundesliga
11,Eintracht Frankfurt,34,11,9,14,36,43,-7,42,1.24,"49,147",Marco Fabián - 7,Lukáš Hrádecký,,2017,Bundesliga
12,Leverkusen,34,11,8,15,53,55,-2,41,1.21,"28,428",Javier Hernández - 11,Bernd Leno,,2017,Bundesliga
13,Augsburg,34,9,11,14,35,51,-16,38,1.12,"28,172",Halil Altıntop - 6,Marwin Hitz,,2017,Bundesliga
14,Hamburger SV,34,10,8,16,33,61,-28,38,1.12,"52,341","Bobby Wood, Michael Gregoritsch... - 5",René Adler,,2017,Bundesliga
15,Mainz 05,34,10,7,17,44,55,-11,37,1.09,"29,096",Yunus Mallı - 6,Jonas Lössl,,2017,Bundesliga
16,Wolfsburg,34,10,7,17,34,52,-18,37,1.09,"27,586",Mario Gómez - 16,Koen Casteels,→ German 1/2 Relegation/Promotion play-offs,2017,Bundesliga
17,Ingolstadt,34,8,8,18,36,57,-21,32,0.94,"14,601",Almog Cohen - 7,Martin Hansen,Relegated,2017,Bundesliga
18,Darmstadt 98,34,7,4,23,28,63,-35,25,0.74,"16,794","Antonio Čolak, Mario Vrančić - 4",Michael Esser,Relegated,2017,Bundesliga
1,Bayern Munich,34,27,3,4,92,28,+64,84,2.47,"75,000",Robert Lewandowski - 29,Sven Ulreich,→ Champions League via league finish,2018,Bundesliga
2,Schalke 04,34,18,9,7,53,37,+16,63,1.85,"61,297",Guido Burgstaller - 11,Ralf Fährmann,→ Champions League via league finish,2018,Bundesliga
3,Hoffenheim,34,15,10,9,66,48,+18,55,1.62,"28,716",Mark Uth - 14,Oliver Baumann,→ Champions League via league finish,2018,Bundesliga
4,Dortmund,34,15,10,9,64,47,+17,55,1.62,"79,496",Pierre-Emerick Aubameyang - 13,Roman Bürki,→ Champions League via league finish,2018,Bundesliga
5,Leverkusen,34,15,10,9,58,44,+14,55,1.62,"28,415",Kevin Volland - 14,Bernd Leno,→ Europa League via league finish,2018,Bundesliga
6,RB Leipzig,34,15,8,11,57,53,+4,53,1.56,"39,397",Timo Werner - 13,Péter Gulácsi,→ Europa League via league finish,2018,Bundesliga
7,Stuttgart,34,15,6,13,36,36,0,51,1.50,"56,366",Mario Gómez - 8,Ron-Robert Zieler,,2018,Bundesliga
8,Eintracht Frankfurt,34,14,7,13,45,45,0,49,1.44,"49,159",Sébastien Haller - 9,Lukáš Hrádecký,,2018,Bundesliga
9,Gladbach,34,13,8,13,47,52,-5,47,1.38,"50,986",Thorgan Hazard - 10,Yann Sommer,,2018,Bundesliga
10,Hertha BSC,34,10,13,11,43,46,-3,43,1.26,"45,319",Salomon Kalou - 12,Rune Jarstein,,2018,Bundesliga
11,Werder Bremen,34,10,12,12,37,40,-3,42,1.24,"40,870",Max Kruse - 6,Jiří Pavlenka,,2018,Bundesliga
12,Augsburg,34,10,11,13,43,46,-3,41,1.21,"28,238",Michael Gregoritsch - 13,Marwin Hitz,,2018,Bundesliga
13,Hannover 96,34,10,9,15,44,54,-10,39,1.15,"42,706",Niclas Füllkrug - 14,Philipp Tschauner,,2018,Bundesliga
14,Mainz 05,34,9,9,16,38,52,-14,36,1.06,"28,766",Yoshinori Mutō - 8,Robin Zentner,,2018,Bundesliga
15,Freiburg,34,8,12,14,32,56,-24,36,1.06,"23,894",Nils Petersen - 15,Alexander Schwolow,,2018,Bundesliga
16,Wolfsburg,34,6,15,13,36,48,-12,33,0.97,"25,712",Daniel Didavi - 9,Koen Casteels,→ German 1/2 Relegation/Promotion play-offs,2018,Bundesliga
17,Hamburger SV,34,8,7,19,29,53,-24,31,0.91,"50,657",Lewis Holtby - 6,Christian Mathenia,Relegated,2018,Bundesliga
18,Köln,34,5,7,22,35,70,-35,22,0.65,"48,776","Leonardo Bittencourt, Simon Terodde - 5",Timo Horn,Relegated,2018,Bundesliga
1,Bayern Munich,34,24,6,4,88,32,+56,78,2.29,"75,000",Robert Lewandowski - 22,Manuel Neuer,→ Champions League via league finish,2019,Bundesliga
2,Dortmund,34,23,7,4,81,44,+37,76,2.24,"80,841",Paco Alcácer - 18,Roman Bürki,→ Champions League via league finish,2019,Bundesliga
3,RB Leipzig,34,19,9,6,63,29,+34,66,1.94,"38,380",Timo Werner - 16,Péter Gulácsi,→ Champions League via league finish,2019,Bundesliga
4,Leverkusen,34,18,4,12,69,52,+17,58,1.71,"27,990",Kai Havertz - 17,Lukáš Hrádecký,→ Champions League via league finish,2019,Bundesliga
5,Gladbach,34,16,7,11,55,42,+13,55,1.62,"49,668",Alassane Pléa - 12,Yann Sommer,→ Europa League via league finish,2019,Bundesliga
6,Wolfsburg,34,16,7,11,62,50,+12,55,1.62,"24,479",Wout Weghorst - 17,Koen Casteels,→ Europa League via league finish 1,2019,Bundesliga
7,Eintracht Frankfurt,34,15,9,10,60,48,+12,54,1.59,"49,794",Luka Jović - 17,Kevin Trapp,→ Europa League via league finish,2019,Bundesliga
8,Werder Bremen,34,14,11,9,58,49,+9,53,1.56,"41,403",Max Kruse - 11,Jiří Pavlenka,,2019,Bundesliga
9,Hoffenheim,34,13,12,9,70,52,+18,51,1.50,"28,456",Andrej Kramarić - 17,Oliver Baumann,,2019,Bundesliga
10,Düsseldorf,34,13,5,16,49,65,-16,44,1.29,"43,869","Dodi Lukebakio, Benito Raman - 10",Michael Rensing,,2019,Bundesliga
11,Hertha BSC,34,11,10,13,49,57,-8,43,1.26,"49,258",Ondrej Duda - 11,Rune Jarstein,,2019,Bundesliga
12,Mainz 05,34,12,7,15,46,57,-11,43,1.26,"26,246",Jean-Philippe Mateta - 14,Florian Müller,,2019,Bundesliga
13,Freiburg,34,8,12,14,46,61,-15,36,1.06,"23,894",Nils Petersen - 10,Alexander Schwolow,,2019,Bundesliga
14,Schalke 04,34,8,9,17,37,55,-18,33,0.97,"60,941",Daniel Caligiuri - 7,Alexander Nübel,,2019,Bundesliga
15,Augsburg,34,8,8,18,51,71,-20,32,0.94,"28,623",Alfreð Finnbogason - 10,Gregor Kobel,,2019,Bundesliga
16,Stuttgart,34,7,7,20,32,70,-38,28,0.82,"54,577",Mario Gómez - 7,Ron-Robert Zieler,→ German 1/2 Relegation/Promotion play-offs,2019,Bundesliga
17,Hannover 96,34,5,6,23,31,71,-40,21,0.62,"38,365",Hendrik Weydandt - 6,Michael Esser,Relegated,2019,Bundesliga
18,Nürnberg,34,3,10,21,26,68,-42,19,0.56,"40,372","Mikael Ishak, Hanno Behrens - 4",Christian Mathenia,Relegated,2019,Bundesliga
1,Bayern Munich,34,26,4,4,100,32,+68,82,2.41,"57,353",Robert Lewandowski - 34,Manuel Neuer,→ Champions League via league finish,2020,Bundesliga
2,Dortmund,34,21,6,7,84,41,+43,69,2.03,"57,297",Jadon Sancho - 17,Roman Bürki,→ Champions League via league finish,2020,Bundesliga
3,RB Leipzig,34,18,12,4,81,37,+44,66,1.94,"28,819",Timo Werner - 28,Péter Gulácsi,→ Champions League via league finish,2020,Bundesliga
4,Gladbach,34,20,5,9,66,40,+26,65,1.91,"36,078","Alassane Pléa, Marcus Thuram - 10",Yann Sommer,→ Champions League via league finish,2020,Bundesliga
5,Leverkusen,34,19,6,9,61,44,+17,63,1.85,"21,236",Kai Havertz - 12,Lukáš Hrádecký,→ Europa League via league finish 1,2020,Bundesliga
6,Hoffenheim,34,15,7,12,53,53,0,52,1.53,"20,449",Andrej Kramarić - 12,Oliver Baumann,→ Europa League via league finish,2020,Bundesliga
7,Wolfsburg,34,13,10,11,48,46,+2,49,1.44,"18,621",Wout Weghorst - 16,Koen Casteels,→ Europa League via league finish,2020,Bundesliga
8,Freiburg,34,13,9,12,48,47,+1,48,1.41,"16,888",Nils Petersen - 11,Alexander Schwolow,,2020,Bundesliga
9,Eintracht Frankfurt,34,13,6,15,59,60,-1,45,1.32,"35,435",André Silva - 12,Kevin Trapp,,2020,Bundesliga
10,Hertha BSC,34,11,8,15,48,59,-11,41,1.21,"37,689","Vedad Ibišević, Dodi Lukebakio - 7",Rune Jarstein,,2020,Bundesliga
11,Union Berlin,34,12,5,17,41,58,-17,41,1.21,"15,467",Sebastian Andersson - 12,Rafał Gikiewicz,,2020,Bundesliga
12,Schalke 04,34,9,12,13,38,58,-20,39,1.15,"46,681",Suat Serdar - 7,Alexander Nübel,,2020,Bundesliga
13,Mainz 05,34,11,4,19,44,65,-21,37,1.09,"20,694",Robin Quaison - 13,Robin Zentner,,2020,Bundesliga
14,Köln,34,10,6,18,51,69,-18,36,1.06,"35,094",Jhon Córdoba - 13,Timo Horn,,2020,Bundesliga
15,Augsburg,34,9,9,16,45,63,-18,36,1.06,"20,265",Florian Niederlechner - 13,Tomáš Koubek,,2020,Bundesliga
16,Werder Bremen,34,8,7,19,42,69,-27,31,0.91,"26,413","Yuya Osako, Milot Rashica - 8",Jiří Pavlenka,→ German 1/2 Relegation/Promotion play-offs,2020,Bundesliga
17,Düsseldorf,34,6,12,16,36,67,-31,30,0.88,"30,581",Rouwen Hennings - 15,"Zack Steffen, Florian Kastenmeier",Relegated,2020,Bundesliga
18,Paderborn 07,34,4,8,22,37,74,-37,20,0.59,"11,038","Sven Michel, Dennis Srbeny... - 5",Leopold Zingerle,Relegated,2020,Bundesliga
1,Bayern Munich,34,24,6,4,99,44,+55,78,2.29,15,Robert Lewandowski - 41,Manuel Neuer,→ Champions League via league finish,2021,Bundesliga
2,RB Leipzig,34,19,8,7,60,32,+28,65,1.91,"1,059",Marcel Sabitzer - 8,Péter Gulácsi,→ Champions League via league finish,2021,Bundesliga
3,Dortmund,34,20,4,10,75,46,+29,64,1.88,"1,241",Erling Haaland - 27,Roman Bürki,→ Champions League via league finish,2021,Bundesliga
4,Wolfsburg,34,17,10,7,61,37,+24,61,1.79,538,Wout Weghorst - 20,Koen Casteels,→ Champions League via league finish,2021,Bundesliga
5,Eintracht Frankfurt,34,16,12,6,69,53,+16,60,1.76,853,André Silva - 28,Kevin Trapp,→ Europa League via league finish,2021,Bundesliga
6,Leverkusen,34,14,10,10,53,39,+14,52,1.53,355,Lucas Alario - 11,Lukáš Hrádecký,→ Europa League via league finish 1,2021,Bundesliga
7,Union Berlin,34,12,14,8,50,43,+7,50,1.47,912,Max Kruse - 11,Andreas Luthe,→ Europa Conference League via league finish,2021,Bundesliga
8,Gladbach,34,13,10,11,64,56,+8,49,1.44,628,Lars Stindl - 14,Yann Sommer,,2021,Bundesliga
9,Stuttgart,34,12,9,13,56,55,+1,45,1.32,978,Sasa Kalajdzic - 16,Gregor Kobel,,2021,Bundesliga
10,Freiburg,34,12,9,13,52,52,0,45,1.32,188,Vincenzo Grifo - 9,Florian Müller,,2021,Bundesliga
11,Hoffenheim,34,11,10,13,52,54,-2,43,1.26,361,Andrej Kramarić - 20,Oliver Baumann,,2021,Bundesliga
12,Mainz 05,34,10,9,15,39,56,-17,39,1.15,221,Jean-Philippe Mateta - 7,Robin Zentner,,2021,Bundesliga
13,Augsburg,34,10,6,18,36,54,-18,36,1.06,353,André Hahn - 8,Rafał Gikiewicz,,2021,Bundesliga
14,Hertha BSC,34,8,11,15,41,52,-11,35,1.03,471,"Jhon Córdoba, Krzysztof Piątek... - 7",Alexander Schwolow,,2021,Bundesliga
15,Arminia,34,9,8,17,26,52,-26,35,1.03,321,"Fabian Klos, Ritsu Doan - 5",Stefan Ortega,,2021,Bundesliga
16,Köln,34,8,9,17,34,60,-26,33,0.97,35,Ondrej Duda - 7,Timo Horn,→ German 1/2 Relegation/Promotion play-offs,2021,Bundesliga
17,Werder Bremen,34,7,10,17,36,57,-21,31,0.91,518,Niclas Füllkrug - 6,Jiří Pavlenka,Relegated,2021,Bundesliga
18,Schalke 04,34,3,7,24,25,86,-61,16,0.47,18,Matthew Hoppe - 6,Ralf Fährmann,Relegated,2021,Bundesliga
1,Bayern Munich,34,24,5,5,97,37,+60,77,2.26,"33,176",Robert Lewandowski - 35,Manuel Neuer,→ Champions League via league finish,2022,Bundesliga
2,Dortmund,34,22,3,9,85,52,+33,69,2.03,"41,800",Erling Haaland - 22,Gregor Kobel,→ Champions League via league finish,2022,Bundesliga
3,Leverkusen,34,19,7,8,80,47,+33,64,1.88,"17,356",Patrik Schick - 24,Lukáš Hrádecký,→ Champions League via league finish,2022,Bundesliga
4,RB Leipzig,34,17,7,10,72,37,+35,58,1.71,"22,124",Christopher Nkunku - 20,Péter Gulácsi,→ Champions League via league finish,2022,Bundesliga
5,Union Berlin,34,16,9,9,50,44,+6,57,1.68,"14,046",Taiwo Awoniyi - 15,Andreas Luthe,→ Europa League via league finish,2022,Bundesliga
6,Freiburg,34,15,10,9,58,46,+12,55,1.62,"18,741",Vincenzo Grifo - 9,Mark Flekken,→ Europa League via league finish,2022,Bundesliga
7,Köln,34,14,10,10,52,49,+3,52,1.53,"31,965",Anthony Modeste - 20,Marvin Schwäbe,→ Europa Conference League via league finish,2022,Bundesliga
8,Mainz 05,34,13,7,14,50,45,+5,46,1.35,"17,978",Jonathan Burkardt - 11,Robin Zentner,,2022,Bundesliga
9,Hoffenheim,34,13,7,14,58,60,-2,46,1.35,"11,227",Georginio Rutter - 8,Oliver Baumann,,2022,Bundesliga
10,Gladbach,34,12,9,13,54,61,-7,45,1.32,"26,539",Jonas Hofmann - 12,Yann Sommer,,2022,Bundesliga
11,Eintracht Frankfurt,34,10,12,12,45,49,-4,42,1.24,"26,162",Rafael Borré - 8,Kevin Trapp,,2022,Bundesliga
12,Wolfsburg,34,12,6,16,43,54,-11,42,1.24,"12,018",Lukas Nmecha - 8,Koen Casteels,,2022,Bundesliga
13,Bochum,34,12,6,16,38,52,-14,42,1.24,"15,125",Sebastian Polter - 10,Manuel Riemann,,2022,Bundesliga
14,Augsburg,34,10,8,16,39,56,-17,38,1.12,"15,197",Michael Gregoritsch - 9,Rafał Gikiewicz,,2022,Bundesliga
15,Stuttgart,34,7,12,15,41,59,-18,33,0.97,"27,052",Sasa Kalajdzic - 6,Florian Müller,,2022,Bundesliga
16,Hertha BSC,34,9,6,19,37,71,-34,33,0.97,"23,500",Stevan Jovetić - 6,Alexander Schwolow,→ German 1/2 Relegation/Promotion play-offs,2022,Bundesliga
17,Arminia,34,5,13,16,27,53,-26,28,0.82,"16,773",Masaya Okugawa - 8,Stefan Ortega,Relegated,2022,Bundesliga
18,Greuther Fürth,34,3,9,22,28,82,-54,18,0.53,"7,672",Branimir Hrgota - 9,Sascha Burchert,Relegated,2022,Bundesliga
1,Bayern Munich,34,21,8,5,92,38,+54,71,2.09,"75,000",Serge Gnabry - 14,Yann Sommer,→ Champions League via league finish,2023,Bundesliga
2,Dortmund,34,22,5,7,83,44,+39,71,2.09,"81,228","Julian Brandt, Donyell Malen... - 9",Gregor Kobel,→ Champions League via league finish,2023,Bundesliga
3,RB Leipzig,34,20,6,8,64,41,+23,66,1.94,"45,961",Christopher Nkunku - 16,Janis Blaswich,→ Champions League via league finish,2023,Bundesliga
4,Union Berlin,34,18,8,8,51,38,+13,62,1.82,"21,822",Sheraldo Becker - 11,Frederik Rønnow,→ Champions League via league finish,2023,Bundesliga
5,Freiburg,34,17,8,9,51,44,+7,59,1.74,"34,112",Vincenzo Grifo - 15,Mark Flekken,→ Europa League via league finish,2023,Bundesliga
6,Leverkusen,34,14,8,12,57,49,+8,50,1.47,"28,609",Moussa Diaby - 9,Lukáš Hrádecký,→ Europa League via league finish,2023,Bundesliga
7,Eintracht Frankfurt,34,13,11,10,58,52,+6,50,1.47,"50,100",Randal Kolo Muani - 15,Kevin Trapp,→ Conference League via league finish,2023,Bundesliga
8,Wolfsburg,34,13,10,11,57,48,+9,49,1.44,"25,394","Yannick Gerhardt, Jonas Wind - 6",Koen Casteels,,2023,Bundesliga
9,Mainz 05,34,12,10,12,54,55,-1,46,1.35,"29,070","Marcus Ingvartsen, Karim Onisiwo - 10",Robin Zentner,,2023,Bundesliga
10,Gladbach,34,11,10,13,52,55,-3,43,1.26,"52,378",Marcus Thuram - 13,Jonas Omlin,,2023,Bundesliga
11,Köln,34,10,12,12,49,54,-5,42,1.24,"49,765",Ellyes Skhiri - 7,Marvin Schwäbe,,2023,Bundesliga
12,Hoffenheim,34,10,6,18,48,57,-9,36,1.06,"24,625",Andrej Kramarić - 12,Oliver Baumann,,2023,Bundesliga
13,Werder Bremen,34,10,6,18,51,64,-13,36,1.06,"41,556",Niclas Füllkrug - 16,Jiří Pavlenka,,2023,Bundesliga
14,Bochum,34,10,5,19,40,72,-32,35,1.03,"25,318",Philipp Hofmann - 8,Manuel Riemann,,2023,Bundesliga
15,Augsburg,34,9,7,18,42,63,-21,34,1.00,"27,956",Mergim Berisha - 9,Rafał Gikiewicz,,2023,Bundesliga
16,Stuttgart,34,7,12,15,45,57,-12,33,0.97,"46,541",Serhou Guirassy - 11,Florian Müller,→ German 1/2 Relegation/Promotion play-offs,2023,Bundesliga
17,Schalke 04,34,7,10,17,35,71,-36,31,0.91,"61,133",Marius Bülter - 11,Alexander Schwolow,Relegated,2023,Bundesliga
18,Hertha BSC,34,7,8,19,42,69,-27,29,0.85,"53,670",Dodi Lukebakio - 11,Oliver Christensen,Relegated,2023,Bundesliga
1,Leverkusen,34,28,6,0,89,24,+65,90,2.65,"29,994",Victor Boniface - 14,Lukáš Hrádecký,→ Champions League via league finish,2024,Bundesliga
2,Stuttgart,34,23,4,7,78,39,+39,73,2.15,"55,089",Serhou Guirassy - 28,Alexander Nübel,→ Champions League via league finish,2024,Bundesliga
3,Bayern Munich,34,23,3,8,94,45,+49,72,2.12,"75,000",Harry Kane - 36,Manuel Neuer,→ Champions League via league finish,2024,Bundesliga
4,RB Leipzig,34,19,8,7,77,39,+38,65,1.91,"44,921",Loïs Openda - 24,Janis Blaswich,→ Champions League via league finish,2024,Bundesliga
5,Dortmund,34,18,9,7,68,43,+25,63,1.85,"81,305",Donyell Malen - 13,Gregor Kobel,→ Champions League via league finish,2024,Bundesliga
6,Eintracht Frankfurt,34,11,14,9,51,50,+1,47,1.38,"56,900",Omar Marmoush - 12,Kevin Trapp,→ Europa League via league finish,2024,Bundesliga
7,Hoffenheim,34,13,7,14,66,66,0,46,1.35,"24,559",Maximilian Beier - 16,Oliver Baumann,→ Europa League via league finish,2024,Bundesliga
8,Heidenheim,34,10,12,12,50,55,-5,42,1.24,"15,000",Tim Kleindienst - 12,Kevin Müller,→ Conference League via league finish,2024,Bundesliga
9,Werder Bremen,34,11,9,14,48,54,-6,42,1.24,"41,721",Marvin Ducksch - 12,Michael Zetterer,,2024,Bundesliga
10,Freiburg,34,11,9,14,45,58,-13,42,1.24,"34,196",Vincenzo Grifo - 8,Noah Atubolu,,2024,Bundesliga
11,Augsburg,34,10,9,15,50,60,-10,39,1.15,"29,712",Ermedin Demirović - 15,Finn Dahmen,,2024,Bundesliga
12,Wolfsburg,34,10,7,17,41,56,-15,37,1.09,"25,316",Jonas Wind - 11,Koen Casteels,,2024,Bundesliga
13,Mainz 05,34,7,14,13,39,51,-12,35,1.03,"30,690",Jonathan Burkardt - 8,Robin Zentner,,2024,Bundesliga
14,Gladbach,34,7,13,14,56,67,-11,34,1.00,"51,371",Robin Hack - 10,Moritz Nicolas,,2024,Bundesliga
15,Union Berlin,34,9,6,19,33,58,-25,33,0.97,"21,840",Robin Gosens - 6,Frederik Rønnow,,2024,Bundesliga
16,Bochum,34,7,12,15,42,74,-32,33,0.97,"25,393",Kevin Stöger - 7,Manuel Riemann,→ German 1/2 Relegation/Promotion play-offs,2024,Bundesliga
17,Köln,34,5,12,17,28,60,-32,27,0.79,"49,829",Davie Selke - 6,Marvin Schwäbe,Relegated,2024,Bundesliga
18,Darmstadt 98,34,3,8,23,30,86,-56,17,0.50,"17,730",Tim Skarke - 8,Marcel Schuhen,Relegated,2024,Bundesliga
1,Bayern Munich,34,25,7,2,99,32,+67,82,2.41,"75,000",Harry Kane - 26,Manuel Neuer,→ Champions League via league finish,2025,Bundesliga
2,Leverkusen,34,19,12,3,72,43,+29,69,2.03,"29,961",Patrik Schick - 21,Lukáš Hrádecký,→ Champions League via league finish,2025,Bundesliga
3,Eintracht Frankfurt,34,17,9,8,68,46,+22,60,1.76,"57,600","Omar Marmoush, Hugo Ekitike - 15",Kevin Trapp,→ Champions League via league finish,2025,Bundesliga
4,Dortmund,34,17,6,11,71,51,+20,57,1.68,"81,365",Serhou Guirassy - 21,Gregor Kobel,→ Champions League via league finish,2025,Bundesliga
5,Freiburg,34,16,7,11,49,53,-4,55,1.62,"34,188",Ritsu Doan - 10,Noah Atubolu,→ Europa League via league finish,2025,Bundesliga
6,Mainz 05,34,14,10,10,55,43,+12,52,1.53,"32,354",Jonathan Burkardt - 18,Robin Zentner,→ Conference League via league finish,2025,Bundesliga
7,RB Leipzig,34,13,12,9,53,48,+5,51,1.50,"44,803",Benjamin Šeško - 13,Péter Gulácsi,,2025,Bundesliga
8,Werder Bremen,34,14,9,11,54,57,-3,51,1.50,"41,350",Jens Stage - 10,Michael Zetterer,,2025,Bundesliga
9,Stuttgart,34,14,8,12,64,53,+11,50,1.47,"59,265",Ermedin Demirović - 15,Alexander Nübel,→ Europa League via cup win,2025,Bundesliga
10,Gladbach,34,13,6,15,55,57,-2,45,1.32,"53,056",Tim Kleindienst - 16,Moritz Nicolas,,2025,Bundesliga
11,Wolfsburg,34,11,10,13,56,54,+2,43,1.26,"24,660",Mohamed Amoura - 10,Kamil Grabara,,2025,Bundesliga
12,Augsburg,34,11,10,13,35,51,-16,43,1.26,"29,820",Alexis Claude-Maurice - 9,Finn Dahmen,,2025,Bundesliga
13,Union Berlin,34,10,10,14,35,51,-16,40,1.18,"21,953",Benedict Hollerbach - 9,Frederik Rønnow,,2025,Bundesliga
14,St Pauli,34,8,8,18,28,41,-13,32,0.94,"29,506",Morgan Guilavogui - 6,Nikola Vasilj,,2025,Bundesliga
15,Hoffenheim,34,7,11,16,46,68,-22,32,0.94,"25,309",Andrej Kramarić - 11,Oliver Baumann,,2025,Bundesliga
16,Heidenheim,34,8,5,21,37,64,-27,29,0.85,"15,000",Marvin Pieringer - 7,Kevin Müller,→ German 1/2 Relegation/Promotion play-offs,2025,Bundesliga
17,Holstein Kiel,34,6,7,21,49,80,-31,25,0.74,"14,893",Shuto Machino - 11,Timon Weiner,Relegated,2025,Bundesliga
18,Bochum,34,6,7,21,33,67,-34,25,0.74,"25,540",Myron Boadu - 9,Patrick Drewes,Relegated,2025,Bundesliga
1,Paris Saint-Germain,38,30,6,2,102,19,+83,96,2.53,"46,160",Zlatan Ibrahimović - 38,Kevin Trapp,→ Champions League via league finish,2016,Ligue 1
2,Lyon,38,19,8,11,67,43,+24,65,1.71,"40,325",Alexandre Lacazette - 21,Anthony Lopes,→ Champions League via league finish,2016,Ligue 1
3,Monaco,38,17,14,7,57,50,+7,65,1.71,"7,846",Bernardo Silva - 7,Danijel Subašić,→ Champions League via league finish,2016,Ligue 1
4,Nice,38,18,9,11,58,41,+17,63,1.66,"19,187",Hatem Ben Arfa - 17,Yoan Cardinale,→ Europa League via league finish 1,2016,Ligue 1
5,Lille,38,15,15,8,39,27,+12,60,1.58,"30,274",Sofiane Boufal - 11,Vincent Enyeama,→ Europa League via league finish 2,2016,Ligue 1
6,Saint-Étienne,38,17,7,14,42,37,+5,58,1.53,"30,328",Nolan Roux - 9,Stéphane Ruffier,→ Europa League via league finish,2016,Ligue 1
7,Caen,38,16,6,16,39,52,-13,54,1.42,"17,661",Andy Delort - 12,Rémy Vercoutre,,2016,Ligue 1
8,Rennes,38,13,13,12,52,54,-2,52,1.37,"23,180",Ousmane Dembélé - 12,Benoît Costil,,2016,Ligue 1
9,Angers,38,13,11,14,40,38,+2,50,1.32,"13,502",Cheikh N'Doye - 9,Ludovic Butelle,,2016,Ligue 1
10,Bastia,38,14,8,16,36,42,-6,50,1.32,"11,559",Floyd Ayité - 8,Jean-Louis Leca,,2016,Ligue 1
11,Bordeaux,38,12,14,12,50,57,-7,50,1.32,"25,089",Cheick Diabaté - 10,Cédric Carrasso,,2016,Ligue 1
12,Montpellier,38,14,7,17,49,47,+2,49,1.29,"12,808","Souleymane Camara, Casimir Ninga - 7",Laurent Pionnier,,2016,Ligue 1
13,Marseille,38,10,18,10,48,42,+6,48,1.26,"43,976",Michy Batshuayi - 17,Steve Mandanda,,2016,Ligue 1
14,Nantes,38,12,12,14,33,44,-11,48,1.26,"25,226",Emiliano Sala - 6,Rémy Riou,,2016,Ligue 1
15,Lorient,38,11,13,14,47,58,-11,46,1.21,"11,993",Benjamin Moukandjo - 13,Benjamin Lecomte,,2016,Ligue 1
16,Guingamp,38,11,11,16,47,56,-9,44,1.16,"14,804","Jimmy Briand, Yannis Salibur... - 7",Jonas Lössl,,2016,Ligue 1
17,Toulouse,38,9,13,16,45,55,-10,40,1.05,"16,318",Wissam Ben Yedder - 17,Alban Lafont,,2016,Ligue 1
18,Reims,38,10,9,19,44,57,-13,39,1.03,"13,483",Nicolas de Préville - 6,Johny Placide,Relegated,2016,Ligue 1
19,Gazélec Ajaccio,38,8,13,17,37,58,-21,37,0.97,"3,719",Mohamed Larbi - 8,Clément Maury,Relegated,2016,Ligue 1
20,Troyes,38,3,9,26,28,83,-55,18,0.47,"12,472",Fabien Camus - 5,Matthieu Dreyer,Relegated,2016,Ligue 1
1,Monaco,38,30,5,3,107,31,+76,95,2.50,"9,315",Radamel Falcao - 21,Danijel Subašić,→ Champions League via league finish,2017,Ligue 1
2,Paris Saint-Germain,38,27,6,5,83,27,+56,87,2.29,"45,159",Edinson Cavani - 35,Kevin Trapp,→ Champions League via league finish,2017,Ligue 1
3,Nice,38,22,12,4,63,36,+27,78,2.05,"22,949",Mario Balotelli - 15,Yoan Cardinale,→ Champions League via league finish,2017,Ligue 1
4,Lyon,38,21,4,13,77,48,+29,67,1.76,"39,171",Alexandre Lacazette - 28,Anthony Lopes,→ Europa League via league finish 1,2017,Ligue 1
5,Marseille,38,17,11,10,57,41,+16,62,1.63,"39,898",Bafétimbi Gomis - 20,Yohann Pelé,→ Europa League via league finish 2,2017,Ligue 1
6,Bordeaux,38,15,14,9,53,43,+10,59,1.55,"24,217",Diego Rolán - 9,Cédric Carrasso,→ Europa League via league finish,2017,Ligue 1
7,Nantes,38,14,9,15,40,54,-14,51,1.34,"23,152",Emiliano Sala - 12,Rémy Riou,,2017,Ligue 1
8,Saint-Étienne,38,12,14,12,41,42,-1,50,1.32,"25,794",Romain Hamouma - 7,Stéphane Ruffier,,2017,Ligue 1
9,Rennes,38,12,14,12,36,42,-6,50,1.32,"22,689",Giovanni Sio - 9,Benoît Costil,,2017,Ligue 1
10,Guingamp,38,14,8,16,46,53,-7,50,1.32,"14,790",Jimmy Briand - 12,Karl-Johan Johnsson,,2017,Ligue 1
11,Lille,38,13,7,18,40,47,-7,46,1.21,"29,487",Nicolas de Préville - 14,Vincent Enyeama,,2017,Ligue 1
12,Angers,38,13,7,18,40,49,-9,46,1.21,"11,954",Famara Diedhiou - 8,Mathieu Michel,,2017,Ligue 1
13,Toulouse,38,10,14,14,37,41,-4,44,1.16,"17,068",Martin Braithwaite - 11,Alban Lafont,,2017,Ligue 1
14,Metz,38,11,10,17,39,72,-33,43,1.13,"15,344",Cheick Diabaté - 8,Thomas Didillon,,2017,Ligue 1
15,Montpellier,38,10,9,19,48,66,-18,39,1.03,"12,356",Steve Mounié - 14,Laurent Pionnier,,2017,Ligue 1
16,Dijon,38,8,13,17,46,58,-12,37,0.97,"10,128",Lois Diony - 11,Baptiste Reynet,,2017,Ligue 1
17,Caen,38,10,7,21,36,65,-29,37,0.97,"15,796",Ivan Santini - 15,Rémy Vercoutre,,2017,Ligue 1
18,Lorient,38,10,6,22,44,70,-26,36,0.95,"11,832",Benjamin Moukandjo - 13,Benjamin Lecomte,→ French 1/2 Relegation/Promotion play-offs,2017,Ligue 1
19,Nancy,38,9,8,21,29,52,-23,35,0.92,"17,516",Issiar Dia - 8,Guy N'dy Assembé,Relegated,2017,Ligue 1
20,Bastia,38,8,10,20,29,54,-25,34,0.89,"9,405",Enzo Crivelli - 10,Jean-Louis Leca,Relegated 3,2017,Ligue 1
1,Paris Saint-Germain,38,29,6,3,108,29,+79,93,2.45,"46,930",Edinson Cavani - 28,Alphonse Areola,→ Champions League via league finish,2018,Ligue 1
2,Monaco,38,24,8,6,85,45,+40,80,2.11,"9,243",Radamel Falcao - 18,Danijel Subašić,→ Champions League via league finish,2018,Ligue 1
3,Lyon,38,23,9,6,87,43,+44,78,2.05,"44,047",Memphis - 19,Anthony Lopes,→ Champions League via league finish,2018,Ligue 1
4,Marseille,38,22,11,5,80,47,+33,77,2.03,"46,616",Florian Thauvin - 22,Steve Mandanda,→ Europa League via league finish,2018,Ligue 1
5,Rennes,38,16,10,12,50,44,+6,58,1.53,"23,111",Benjamin Bourigeaud - 10,Tomáš Koubek,→ Europa League via league finish 1,2018,Ligue 1
6,Bordeaux,38,16,7,15,53,48,+5,55,1.45,"26,048",Malcom - 12,Benoît Costil,→ Europa League via league finish 2,2018,Ligue 1
7,Saint-Étienne,38,15,10,13,47,50,-3,55,1.45,"27,563","Jonathan Bamba, Rémy Cabella... - 7",Stéphane Ruffier,,2018,Ligue 1
8,Nice,38,15,9,14,53,52,+1,54,1.42,"22,876",Mario Balotelli - 18,Walter Benítez,,2018,Ligue 1
9,Nantes,38,14,10,14,36,41,-5,52,1.37,"24,559",Emiliano Sala - 12,Ciprian Tătărușanu,,2018,Ligue 1
10,Montpellier,38,11,18,9,36,33,+3,51,1.34,"13,458",Giovanni Sio - 10,Benjamin Lecomte,,2018,Ligue 1
11,Dijon,38,13,9,16,55,73,-18,48,1.26,"12,228",Júlio Tavares - 12,Baptiste Reynet,,2018,Ligue 1
12,Guingamp,38,12,11,15,48,59,-11,47,1.24,"14,502",Jimmy Briand - 11,Karl-Johan Johnsson,,2018,Ligue 1
13,Amiens,38,12,9,17,37,42,-5,45,1.18,"9,521",Moussa Konaté - 13,Régis Gurtner,,2018,Ligue 1
14,Angers,38,9,14,15,42,52,-10,41,1.08,"11,065",Karl Toko Ekambi - 17,Ludovic Butelle,,2018,Ligue 1
15,Strasbourg,38,9,11,18,44,67,-23,38,1.00,"24,064",Stéphane Bahoken - 7,Bingourou Kamara,,2018,Ligue 1
16,Caen,38,10,8,20,27,52,-25,38,1.00,"17,187",Ivan Santini - 11,Rémy Vercoutre,,2018,Ligue 1
17,Lille,38,10,8,20,41,67,-26,38,1.00,"31,453",Nicolas Pépé - 13,Mike Maignan,,2018,Ligue 1
18,Toulouse,38,9,10,19,38,54,-16,37,0.97,"16,929",Max Gradel - 8,Alban Lafont,→ French 1/2 Relegation/Promotion play-offs,2018,Ligue 1
19,Troyes,38,9,6,23,32,59,-27,33,0.87,"11,723",Adama Niane - 8,Mamadou Samassa,Relegated,2018,Ligue 1
20,Metz,38,6,8,24,34,76,-42,26,0.68,"14,844",Nolan Roux - 15,Eiji Kawashima,Relegated,2018,Ligue 1
1,Paris Saint-Germain,38,29,4,5,105,35,+70,91,2.39,"46,911",Kylian Mbappé - 33,Alphonse Areola,→ Champions League via league finish,2019,Ligue 1
2,Lille,38,22,9,7,68,33,+35,75,1.97,"34,079",Nicolas Pépé - 22,Mike Maignan,→ Champions League via league finish,2019,Ligue 1
3,Lyon,38,21,9,8,70,47,+23,72,1.89,"49,079",Moussa Dembélé - 15,Anthony Lopes,→ Champions League via league finish,2019,Ligue 1
4,Saint-Étienne,38,19,9,10,59,41,+18,66,1.74,"28,400",Wahbi Khazri - 13,Stéphane Ruffier,→ Europa League via league finish,2019,Ligue 1
5,Marseille,38,18,7,13,60,52,+8,61,1.61,"50,140",Florian Thauvin - 16,Steve Mandanda,,2019,Ligue 1
6,Montpellier,38,15,14,9,53,42,+11,59,1.55,"13,829",Andy Delort - 14,Benjamin Lecomte,,2019,Ligue 1
7,Nice,38,15,11,12,30,35,-5,56,1.47,"19,126",Youcef Atal - 6,Walter Benítez,,2019,Ligue 1
8,Reims,38,13,16,9,39,42,-3,55,1.45,"14,342",Remi Oudin - 10,Edouard Mendy,,2019,Ligue 1
9,Nîmes,38,15,8,15,57,58,-1,53,1.39,"13,994","Denis Bouanga, Renaud Ripart - 8",Paul Bernardoni,,2019,Ligue 1
10,Rennes,38,13,13,12,55,52,+3,52,1.37,"23,675",M'Baye Niang - 11,Tomáš Koubek,→ Europa League via cup win 1,2019,Ligue 1
11,Strasbourg,38,11,16,11,58,48,+10,49,1.29,"25,216","Ludovic Ajorque, Lebo Mothiba - 9",Matz Sels,→ Europa League via cup win 2,2019,Ligue 1
12,Nantes,38,13,9,16,48,48,0,48,1.26,"25,185",Emiliano Sala - 12,Ciprian Tătărușanu,,2019,Ligue 1
13,Angers,38,10,16,12,44,49,-5,46,1.21,"11,189",Stéphane Bahoken - 11,Ludovic Butelle,,2019,Ligue 1
14,Bordeaux,38,10,11,17,34,42,-8,41,1.08,"20,838",François Kamano - 10,Benoît Costil,,2019,Ligue 1
15,Amiens,38,9,11,18,31,52,-21,38,1.00,"11,043",Moussa Konaté - 7,Régis Gurtner,,2019,Ligue 1
16,Toulouse,38,8,14,16,35,57,-22,38,1.00,"16,224",Max Gradel - 11,Baptiste Reynet,,2019,Ligue 1
17,Monaco,38,8,12,18,38,57,-19,36,0.95,"8,447",Radamel Falcao - 15,Diego Benaglio,,2019,Ligue 1
18,Dijon,38,9,7,22,31,60,-29,34,0.89,"13,044",Júlio Tavares - 5,Rúnar Alex Rúnarsson,→ French 1/2 Relegation/Promotion play-offs,2019,Ligue 1
19,Caen,38,7,12,19,29,54,-25,33,0.87,"16,654","Enzo Crivelli, Casimir Ninga - 6",Brice Samba,Relegated,2019,Ligue 1
20,Guingamp,38,5,12,21,28,68,-40,27,0.71,"14,731",Marcus Thuram - 9,Marc-Aurèle Caillard,Relegated,2019,Ligue 1
1,Paris Saint-Germain,27,22,2,3,75,24,+51,68,2.52,"47,517",Kylian Mbappé - 18,Keylor Navas,→ Champions League via league finish,2020,Ligue 1
2,Marseille,28,16,8,4,41,29,+12,56,2.00,"52,805",Darío Benedetto - 11,Steve Mandanda,→ Champions League via league finish,2020,Ligue 1
3,Rennes,28,15,5,8,38,24,+14,50,1.79,"25,893",M'Baye Niang - 10,Edouard Mendy,→ Champions League via league finish,2020,Ligue 1
4,Lille,28,15,4,9,35,27,+8,49,1.75,"36,404",Victor Osimhen - 13,Mike Maignan,→ Europa League via league finish,2020,Ligue 1
5,Nice,28,11,8,9,41,38,+3,41,1.46,"19,225",Kasper Dolberg - 11,Walter Benítez,→ Europa League via league finish,2020,Ligue 1
6,Reims,28,10,11,7,26,21,+5,41,1.46,"12,932",Boulaye Dia - 7,Predrag Rajković,→ Europa League via league finish,2020,Ligue 1
7,Lyon,28,11,7,10,42,27,+15,40,1.43,"47,299",Moussa Dembélé - 16,Anthony Lopes,,2020,Ligue 1
8,Montpellier,28,11,7,10,35,34,+1,40,1.43,"14,147",Andy Delort - 9,Gerónimo Rulli,,2020,Ligue 1
9,Monaco,28,11,7,10,44,44,0,40,1.43,"6,451",Wissam Ben Yedder - 18,Benjamin Lecomte,,2020,Ligue 1
10,Strasbourg,27,11,5,11,32,32,0,38,1.41,"24,985","Adrien Thomasson, Ludovic Ajorque - 8",Matz Sels,,2020,Ligue 1
11,Angers,28,11,6,11,28,33,-5,39,1.39,"9,825",Rachid Alioui - 6,Ludovic Butelle,,2020,Ligue 1
12,Bordeaux,28,9,10,9,40,34,+6,37,1.32,"23,430",Jimmy Briand - 7,Benoît Costil,,2020,Ligue 1
13,Nantes,28,11,4,13,28,31,-3,37,1.32,"24,635","Moses Simon, Ludovic Blas - 5",Alban Lafont,,2020,Ligue 1
14,Brest,28,8,10,10,34,37,-3,34,1.21,"13,713",Irvin Cardona - 6,Gautier Larsonneur,,2020,Ligue 1
15,Metz,28,8,10,10,27,35,-8,34,1.21,"16,583",Habib Diallo - 12,Alexandre Oukidja,,2020,Ligue 1
16,Dijon,28,7,9,12,27,37,-10,30,1.07,"12,707",Mama Samba Baldé - 6,Alfred Gomis,,2020,Ligue 1
17,Saint-Étienne,28,8,6,14,29,45,-16,30,1.07,"23,205",Denis Bouanga - 10,Stéphane Ruffier,,2020,Ligue 1
18,Nîmes,28,7,6,15,29,44,-15,27,0.96,"12,555",Romain Philippoteaux - 5,Paul Bernardoni,,2020,Ligue 1
19,Amiens,28,4,11,13,31,50,-19,23,0.82,"11,616",Serhou Guirassy - 9,Régis Gurtner,Relegated,2020,Ligue 1
20,Toulouse,28,3,4,21,22,58,-36,13,0.46,"14,200",Efthimis Koulouris - 4,Baptiste Reynet,Relegated,2020,Ligue 1
1,Lille,38,24,11,3,64,23,+41,83,2.18,209,Burak Yılmaz - 16,Mike Maignan,→ Champions League via league finish,2021,Ligue 1
2,Paris Saint-Germain,38,26,4,8,86,28,+58,82,2.16,,Kylian Mbappé - 27,Keylor Navas,→ Champions League via league finish,2021,Ligue 1
3,Monaco,38,24,6,8,76,42,+34,78,2.05,,Wissam Ben Yedder - 20,Benjamin Lecomte,→ Champions League via league finish,2021,Ligue 1
4,Lyon,38,22,10,6,81,43,+38,76,2.00,231,Memphis - 20,Anthony Lopes,→ Europa League via league finish,2021,Ligue 1
5,Marseille,38,16,12,10,54,47,+7,60,1.58,,Arkadiusz Milik - 9,Steve Mandanda,→ Europa League via league finish 1,2021,Ligue 1
6,Rennes,38,16,10,12,52,40,+12,58,1.53,,Serhou Guirassy - 10,Alfred Gomis,→ Europa Conference League via league finish,2021,Ligue 1
7,Lens,38,15,12,11,55,54,+1,57,1.50,,Gaël Kakuta - 11,Jean-Louis Leca,,2021,Ligue 1
8,Montpellier,38,14,12,12,60,62,-2,54,1.42,,Gaëtan Laborde - 16,Jonas Omlin,,2021,Ligue 1
9,Nice,38,15,7,16,50,53,-3,52,1.37,,Amine Gouiri - 12,Walter Benítez,,2021,Ligue 1
10,Metz,38,12,11,15,44,48,-4,47,1.24,498,"Farid Boulaya, Ibrahima Niane - 6",Alexandre Oukidja,,2021,Ligue 1
11,Saint-Étienne,38,12,10,16,42,54,-12,46,1.21,,"Wahbi Khazri, Denis Bouanga - 7",Jessy Moulin,,2021,Ligue 1
12,Bordeaux,38,13,6,19,42,56,-14,45,1.18,,Hwang Ui-jo - 12,Benoît Costil,,2021,Ligue 1
13,Angers,38,12,8,18,40,58,-18,44,1.16,,Angelo Fulgini - 7,Paul Bernardoni,,2021,Ligue 1
14,Reims,38,9,15,14,42,50,-8,42,1.11,,Boulaye Dia - 14,Predrag Rajković,,2021,Ligue 1
15,Strasbourg,38,11,9,18,49,58,-9,42,1.11,,Ludovic Ajorque - 16,Eiji Kawashima,,2021,Ligue 1
16,Lorient,38,11,9,18,50,68,-18,42,1.11,,Terem Moffi - 14,Paul Nardi,,2021,Ligue 1
17,Brest,38,11,8,19,50,66,-16,41,1.08,,Steve Mounié - 9,Gautier Larsonneur,,2021,Ligue 1
18,Nantes,38,9,13,16,47,55,-8,40,1.05,,Ludovic Blas - 10,Alban Lafont,→ French 1/2 Relegation/Promotion play-offs,2021,Ligue 1
19,Nîmes,38,9,8,21,40,71,-31,35,0.92,,Renaud Ripart - 11,Baptiste Reynet,Relegated,2021,Ligue 1
20,Dijon,38,4,9,25,25,73,-48,21,0.55,,Mama Samba Baldé - 7,Anthony Racioppi,Relegated,2021,Ligue 1
1,Paris Saint-Germain,38,26,8,4,90,36,+54,86,2.26,"41,589",Kylian Mbappé - 28,Keylor Navas,→ Champions League via league finish,2022,Ligue 1
2,Marseille,38,21,8,9,63,38,+25,71,1.87,"51,755",Dimitri Payet - 12,Pau López,→ Champions League via league finish,2022,Ligue 1
3,Monaco,38,20,9,9,65,40,+25,69,1.82,"5,877",Wissam Ben Yedder - 25,Alexander Nübel,→ Champions League via league finish,2022,Ligue 1
4,Rennes,38,20,6,12,82,40,+42,66,1.74,"25,493",Martin Terrier - 21,Alfred Gomis,→ Europa League via league finish,2022,Ligue 1
5,Nice,38,20,7,11,52,36,+16,66,1.74,"16,055",Andy Delort - 16,Walter Benítez,"1-point deduction 1, → Europa Conference League via league finish",2022,Ligue 1
6,Strasbourg,38,17,12,9,60,43,+17,63,1.66,"23,555",Ludovic Ajorque - 12,Matz Sels,,2022,Ligue 1
7,Lens,38,17,11,10,62,48,+14,62,1.63,"28,950",Arnaud Kalimuendo - 12,Jean-Louis Leca,,2022,Ligue 1
8,Lyon,38,17,11,10,66,51,+15,61,1.61,"32,329",Moussa Dembélé - 21,Anthony Lopes,1-point deduction 2,2022,Ligue 1
9,Nantes,38,15,10,13,55,48,+7,55,1.45,"20,803",Randal Kolo Muani - 12,Alban Lafont,→ Europa League via cup win,2022,Ligue 1
10,Lille,38,14,13,11,48,48,0,55,1.45,"34,346",Jonathan David - 15,Ivo Grbić,,2022,Ligue 1
11,Brest,38,13,9,16,49,57,-8,48,1.26,"11,804",Franck Honorat - 11,Marco Bizot,,2022,Ligue 1
12,Reims,38,11,13,14,43,44,-1,46,1.21,"11,071",Hugo Ekitike - 10,Predrag Rajković,,2022,Ligue 1
13,Montpellier,38,12,7,19,49,61,-12,43,1.13,"10,711",Elye Wahi - 10,Jonas Omlin,,2022,Ligue 1
14,Angers,38,10,11,17,44,55,-11,41,1.08,"7,758",Sofiane Boufal - 8,Danijel Petković,,2022,Ligue 1
15,Troyes,38,9,11,18,37,53,-16,38,1.00,"9,491","Xavier Chavalerin, Ike Ugbo - 5",Gauthier Gallon,,2022,Ligue 1
16,Lorient,38,8,12,18,35,63,-28,36,0.95,"12,738",Terem Moffi - 8,Paul Nardi,,2022,Ligue 1
17,Clermont Foot,38,9,9,20,38,69,-31,36,0.95,"10,569",Mohamed Lamine Bayo - 14,Ouparine Djoco,,2022,Ligue 1
18,Saint-Étienne,38,7,11,20,42,77,-35,32,0.84,"21,806",Wahbi Khazri - 10,Paul Bernardoni,→ French 1/2 Relegation/Promotion play-offs,2022,Ligue 1
19,Metz,38,6,13,19,35,69,-34,31,0.82,"14,876",Nicolas de Préville - 5,Alexandre Oukidja,Relegated,2022,Ligue 1
20,Bordeaux,38,6,13,19,52,91,-39,31,0.82,"22,141",Hwang Ui-jo - 11,Benoît Costil,Relegated 3,2022,Ligue 1
1,Paris Saint-Germain,38,27,4,7,89,40,+49,85,2.24,"46,334",Kylian Mbappé - 29,Gianluigi Donnarumma,→ Champions League via league finish,2023,Ligue 1
2,Lens,38,25,9,4,68,29,+39,84,2.21,"37,652",Loïs Openda - 21,Brice Samba,→ Champions League via league finish,2023,Ligue 1
3,Marseille,38,22,7,9,67,40,+27,73,1.92,"62,687",Alexis Sánchez - 14,Pau López,→ Champions League via league finish,2023,Ligue 1
4,Rennes,38,21,5,12,69,39,+30,68,1.79,"27,722",Amine Gouiri - 15,Steve Mandanda,→ Europa League via league finish,2023,Ligue 1
5,Lille,38,19,10,9,65,44,+21,67,1.76,"36,148",Jonathan David - 24,Lucas Chevalier,→ Conference League via league finish,2023,Ligue 1
6,Monaco,38,19,8,11,70,58,+12,65,1.71,"7,095",Wissam Ben Yedder - 19,Alexander Nübel,,2023,Ligue 1
7,Lyon,38,18,8,12,65,47,+18,62,1.63,"46,058",Alexandre Lacazette - 27,Anthony Lopes,,2023,Ligue 1
8,Clermont Foot,38,17,8,13,45,49,-4,59,1.55,"11,270",Grejohn Kyei - 10,Mory Diaw,,2023,Ligue 1
9,Nice,38,15,13,10,48,37,+11,58,1.53,"22,286",Gaëtan Laborde - 13,Kasper Schmeichel,,2023,Ligue 1
10,Lorient,38,15,10,13,52,53,-1,55,1.45,"14,992",Terem Moffi - 12,Yvon Mvogo,,2023,Ligue 1
11,Reims,38,12,15,11,45,45,0,51,1.34,"13,290",Folarin Balogun - 21,Yehvann Diouf,,2023,Ligue 1
12,Montpellier,38,15,5,18,65,62,+3,50,1.32,"13,804",Elye Wahi - 19,Benjamin Lecomte,,2023,Ligue 1
13,Toulouse,38,13,9,16,51,57,-6,48,1.26,"23,966",Thijs Dallinga - 12,Maxime Dupé,→ Europa League via cup win,2023,Ligue 1
14,Brest,38,11,11,16,44,54,-10,44,1.16,"12,667",Jérémy Le Douaron - 10,Marco Bizot,,2023,Ligue 1
15,Strasbourg,38,9,13,16,51,59,-8,40,1.05,"25,278",Habib Diallo - 20,Matz Sels,,2023,Ligue 1
16,Nantes,38,7,15,16,37,55,-18,36,0.95,"30,002",Mostafa Mohamed - 8,Alban Lafont,,2023,Ligue 1
17,Auxerre,38,8,11,19,35,63,-28,35,0.92,"15,606",M'Baye Niang - 6,Benoît Costil,Relegated,2023,Ligue 1
18,Ajaccio,38,7,5,26,23,74,-51,26,0.68,"7,369","Youcef Belaïli, Mounaim El Idrissy - 6",Benjamin Leroy,Relegated,2023,Ligue 1
19,Troyes,38,4,12,22,45,81,-36,24,0.63,"10,004",Mama Samba Baldé - 12,Gauthier Gallon,Relegated,2023,Ligue 1
20,Angers,38,4,6,28,33,81,-48,18,0.47,"9,630",Abdallah Sima - 5,Paul Bernardoni,Relegated,2023,Ligue 1
1,Paris Saint-Germain,34,22,10,2,81,33,+48,76,2.24,"46,834",Kylian Mbappé - 27,Gianluigi Donnarumma,→ Champions League via league finish,2024,Ligue 1
2,Monaco,34,20,7,7,68,42,+26,67,1.97,"7,884",Wissam Ben Yedder - 16,Philipp Köhn,→ Champions League via league finish,2024,Ligue 1
3,Brest,34,17,10,7,53,34,+19,61,1.79,"14,513",Romain Del Castillo - 8,Marco Bizot,→ Champions League via league finish,2024,Ligue 1
4,Lille,34,16,11,7,52,34,+18,59,1.74,"39,932",Jonathan David - 19,Lucas Chevalier,→ Champions League via league finish,2024,Ligue 1
5,Nice,34,15,10,9,40,29,+11,55,1.62,"24,952",Terem Moffi - 11,Marcin Bułka,→ Europa League via league finish,2024,Ligue 1
6,Lyon,34,16,5,13,49,55,-6,53,1.56,"45,314",Alexandre Lacazette - 19,Anthony Lopes,→ Europa League via league finish,2024,Ligue 1
7,Lens,34,14,9,11,45,37,+8,51,1.50,"37,824",Elye Wahi - 9,Brice Samba,→ Conference League via league finish,2024,Ligue 1
8,Marseille,34,13,11,10,52,41,+11,50,1.47,"60,496",Pierre-Emerick Aubameyang - 17,Pau López,,2024,Ligue 1
9,Reims,34,13,8,13,42,47,-5,47,1.38,"15,716",Teddy Teuma - 6,Yehvann Diouf,,2024,Ligue 1
10,Rennes,34,12,10,12,53,46,+7,46,1.35,"27,663",Arnaud Kalimuendo - 10,Steve Mandanda,,2024,Ligue 1
11,Toulouse,34,11,10,13,42,46,-4,43,1.26,"25,806",Thijs Dallinga - 14,Guillaume Restes,,2024,Ligue 1
12,Montpellier,34,10,12,12,43,48,-5,41,1.21,"13,901",Téji Savanier - 9,Benjamin Lecomte,1-point deduction 1,2024,Ligue 1
13,Strasbourg,34,10,9,15,38,50,-12,39,1.15,"25,334",Emanuel Emegha - 8,Matz Sels,,2024,Ligue 1
14,Nantes,34,9,6,19,30,55,-25,33,0.97,"27,555",Mostafa Mohamed - 8,Alban Lafont,,2024,Ligue 1
15,Le Havre,34,7,11,16,34,45,-11,32,0.94,"31,383","André Ayew, Emmanuel Sabbi... - 5",Arthur Desmas,,2024,Ligue 1
16,Metz,34,8,5,21,35,58,-23,29,0.85,"23,838",Georges Mikautadze - 13,Alexandre Oukidja,→ French 1/2 Relegation/Promotion play-offs,2024,Ligue 1
17,Lorient,34,7,8,19,43,66,-23,29,0.85,"15,676",Mohamed Bamba - 8,Yvon Mvogo,Relegated,2024,Ligue 1
18,Clermont Foot,34,5,10,19,26,60,-34,25,0.74,"9,821",Muhammed Cham - 8,Mory Diaw,Relegated,2024,Ligue 1
1,Paris Saint-Germain,34,26,6,2,92,35,+57,84,2.47,"47,413",Ousmane Dembélé - 21,Gianluigi Donnarumma,→ Champions League via league finish,2025,Ligue 1
2,Marseille,34,20,5,9,74,47,+27,65,1.91,"63,507",Mason Greenwood - 21,Gerónimo Rulli,→ Champions League via league finish,2025,Ligue 1
3,Monaco,34,18,7,9,63,41,+22,61,1.79,"12,164",Mika Biereth - 13,Philipp Köhn,→ Champions League via league finish,2025,Ligue 1
4,Nice,34,17,9,8,66,41,+25,60,1.76,"24,299",Evann Guessand - 12,Marcin Bułka,→ Champions League via league finish,2025,Ligue 1
5,Lille,34,17,9,8,52,36,+16,60,1.76,"42,417",Jonathan David - 16,Lucas Chevalier,→ Europa League via league finish,2025,Ligue 1
6,Lyon,34,17,6,11,65,46,+19,57,1.68,"51,191",Alexandre Lacazette - 15,Lucas Perri,→ Europa League via league finish,2025,Ligue 1
7,Strasbourg,34,16,9,9,56,44,+12,57,1.68,"19,378",Emanuel Emegha - 14,Đorđe Petrović,→ Conference League via league finish,2025,Ligue 1
8,Lens,34,15,7,12,42,39,+3,52,1.53,"37,971",Neil El Aynaoui - 8,Brice Samba,,2025,Ligue 1
9,Brest,34,15,5,14,52,59,-7,50,1.47,"14,536",Ludovic Ajorque - 13,Marco Bizot,,2025,Ligue 1
10,Toulouse,34,11,9,14,44,43,+1,42,1.24,"25,593",Zakaria Aboukhlal - 7,Guillaume Restes,,2025,Ligue 1
11,Auxerre,34,11,9,14,48,51,-3,42,1.24,"16,634","Gaëtan Perrin, Hamed Junior Traorè - 10",Donovan Léon,,2025,Ligue 1
12,Rennes,34,13,2,19,51,50,+1,41,1.21,"27,970",Arnaud Kalimuendo - 17,Brice Samba,,2025,Ligue 1
13,Nantes,34,8,12,14,39,52,-13,36,1.06,"30,317",Matthis Abline - 9,Anthony Lopes,,2025,Ligue 1
14,Angers,34,10,6,18,32,53,-21,36,1.06,"13,142",Esteban Lepaul - 9,Yahia Fofana,,2025,Ligue 1
15,Le Havre,34,10,4,20,40,71,-31,34,1.00,"20,218",Abdoulaye Touré - 10,Arthur Desmas,,2025,Ligue 1
16,Reims,34,8,9,17,33,47,-14,33,0.97,"15,655",Keito Nakamura - 11,Yehvann Diouf,→ French 1/2 Relegation/Promotion play-offs,2025,Ligue 1
17,Saint-Étienne,34,8,6,20,39,77,-38,30,0.88,"30,220",Lucas Stassin - 12,Gautier Larsonneur,Relegated,2025,Ligue 1
18,Montpellier,34,4,4,26,23,79,-56,16,0.47,"13,483",Arnaud Nordin - 4,Benjamin Lecomte,Relegated,2025,Ligue 1
